recall,precision
1,0.084877
1,0.086703
1,0.086703
1,0.086703
1,0.086704
1,0.086704
1,0.086705
1,0.086705
1,0.086706
1,0.086707
1,0.086707
1,0.086708
1,0.086708
1,0.086708
1,0.086709
1,0.086709
1,0.086709
1,0.08671
1,0.08671
1,0.086711
1,0.086711
1,0.086711
1,0.086712
1,0.086712
1,0.086713
1,0.086713
1,0.086713
1,0.086714
1,0.086714
1,0.086715
1,0.086715
1,0.086716
1,0.086716
1,0.086716
1,0.086717
1,0.086718
1,0.086718
1,0.086719
1,0.086719
1,0.08672
1,0.08672
1,0.08672
1,0.086721
1,0.086722
1,0.086722
1,0.086722
1,0.086722
1,0.086723
1,0.086723
1,0.086723
1,0.086724
1,0.086724
1,0.086724
1,0.086724
1,0.086725
1,0.086725
1,0.086725
1,0.086726
1,0.086726
1,0.086726
1,0.086727
1,0.086727
1,0.086727
1,0.086728
1,0.086728
1,0.086728
1,0.086729
1,0.086729
1,0.086729
1,0.08673
1,0.08673
1,0.08673
1,0.086731
1,0.086731
1,0.086731
1,0.086732
1,0.086732
1,0.086733
1,0.086733
1,0.086734
1,0.086734
1,0.086734
1,0.086735
1,0.086735
1,0.086735
1,0.086735
1,0.086736
1,0.086736
1,0.086737
1,0.086737
1,0.086737
1,0.086738
1,0.086739
1,0.086739
1,0.086739
1,0.08674
1,0.08674
1,0.086741
1,0.086742
1,0.086742
1,0.086742
1,0.086743
1,0.086743
1,0.086744
1,0.086744
1,0.086745
1,0.086745
1,0.086745
1,0.086745
1,0.086746
1,0.086746
1,0.086747
1,0.086747
1,0.086747
1,0.086747
1,0.086748
1,0.086748
1,0.086748
1,0.086749
1,0.086749
1,0.086749
1,0.08675
1,0.08675
1,0.08675
1,0.086751
1,0.086751
1,0.086751
1,0.086752
1,0.086752
1,0.086752
1,0.086752
1,0.086753
1,0.086753
1,0.086753
1,0.086754
1,0.086754
1,0.086755
1,0.086755
1,0.086757
1,0.086757
1,0.086758
1,0.086758
1,0.086759
1,0.086759
1,0.08676
1,0.08676
1,0.08676
1,0.086761
1,0.086761
1,0.086761
1,0.086762
1,0.086762
1,0.086762
1,0.086763
1,0.086763
1,0.086764
1,0.086764
1,0.086764
1,0.086765
1,0.086766
1,0.086766
1,0.086766
1,0.086767
1,0.086768
1,0.086769
1,0.08677
1,0.08677
1,0.086771
1,0.086771
1,0.086771
1,0.086772
1,0.086772
1,0.086772
1,0.086773
1,0.086773
1,0.086773
1,0.086773
1,0.086774
1,0.086774
1,0.086774
1,0.086775
1,0.086775
1,0.086775
1,0.086776
1,0.086776
1,0.086777
1,0.086777
1,0.086777
1,0.086778
1,0.086778
1,0.086779
1,0.086779
1,0.086779
1,0.086779
1,0.08678
1,0.086781
1,0.086781
1,0.086781
1,0.086781
1,0.086782
1,0.086783
1,0.086783
1,0.086783
1,0.086784
1,0.086785
1,0.086785
1,0.086786
1,0.086786
1,0.086786
1,0.086787
1,0.086787
1,0.086788
1,0.086788
1,0.086788
1,0.086788
1,0.086789
1,0.086789
1,0.086789
1,0.08679
1,0.08679
1,0.086791
1,0.086791
1,0.086792
1,0.086792
1,0.086793
1,0.086794
1,0.086794
1,0.086794
1,0.086794
1,0.086795
1,0.086796
1,0.086796
1,0.086796
1,0.086796
1,0.086797
1,0.086797
1,0.086797
1,0.086798
1,0.086798
1,0.086798
1,0.086798
1,0.086799
1,0.086799
1,0.0868
1,0.0868
1,0.0868
1,0.086801
1,0.086801
1,0.086802
1,0.086802
1,0.086802
1,0.086803
1,0.086803
1,0.086803
1,0.086803
1,0.086804
1,0.086804
1,0.086804
1,0.086805
1,0.086805
1,0.086805
1,0.086806
1,0.086806
1,0.086806
1,0.086807
1,0.086807
1,0.086807
1,0.086808
1,0.086808
1,0.086808
1,0.086809
1,0.086809
1,0.086809
1,0.08681
1,0.08681
1,0.086811
1,0.086811
1,0.086812
1,0.086813
1,0.086813
1,0.086813
1,0.086813
1,0.086814
1,0.086814
1,0.086815
1,0.086815
1,0.086815
1,0.086815
1,0.086816
1,0.086816
1,0.086817
1,0.086817
1,0.086818
1,0.086818
1,0.086818
1,0.086819
1,0.086819
1,0.08682
1,0.08682
1,0.08682
1,0.086821
1,0.086821
1,0.086821
1,0.086822
1,0.086822
1,0.086822
1,0.086823
1,0.086823
1,0.086824
1,0.086824
1,0.086824
1,0.086824
1,0.086825
1,0.086825
1,0.086825
1,0.086826
1,0.086826
1,0.086826
1,0.086828
1,0.086828
1,0.086829
1,0.086829
1,0.086829
1,0.08683
1,0.08683
1,0.08683
1,0.086831
1,0.086831
1,0.086831
1,0.086832
1,0.086832
1,0.086833
1,0.086833
1,0.086834
1,0.086835
1,0.086835
1,0.086835
1,0.086836
1,0.086837
1,0.086837
1,0.086837
1,0.086838
1,0.086839
1,0.086839
1,0.08684
1,0.08684
1,0.086841
1,0.086841
1,0.086842
1,0.086842
1,0.086842
1,0.086843
1,0.086843
1,0.086843
1,0.086844
1,0.086844
1,0.086844
1,0.086845
1,0.086845
1,0.086845
1,0.086846
1,0.086846
1,0.086846
1,0.086847
1,0.086847
1,0.086847
1,0.086848
1,0.086848
1,0.086848
1,0.08685
1,0.08685
1,0.086851
1,0.086851
1,0.086852
1,0.086852
1,0.086852
1,0.086853
1,0.086853
1,0.086854
1,0.086854
1,0.086854
1,0.086855
1,0.086856
1,0.086856
1,0.086856
1,0.086856
1,0.086857
1,0.086858
1,0.086858
1,0.086858
1,0.086859
1,0.086859
1,0.08686
1,0.08686
1,0.086861
1,0.086861
1,0.086862
1,0.086862
1,0.086862
1,0.086863
1,0.086863
1,0.086863
1,0.086864
1,0.086864
1,0.086864
1,0.086865
1,0.086865
1,0.086865
1,0.086865
1,0.086866
1,0.086866
1,0.086866
1,0.086867
1,0.086867
1,0.086867
1,0.086867
1,0.086868
1,0.086868
1,0.086868
1,0.086869
1,0.086869
1,0.086869
1,0.086869
1,0.08687
1,0.08687
1,0.086871
1,0.086871
1,0.086871
1,0.086871
1,0.086872
1,0.086872
1,0.086872
1,0.086873
1,0.086873
1,0.086873
1,0.086874
1,0.086874
1,0.086874
1,0.086875
1,0.086875
1,0.086875
1,0.086876
1,0.086876
1,0.086877
1,0.086877
1,0.086877
1,0.086877
1,0.086878
1,0.086879
1,0.086879
1,0.08688
1,0.08688
1,0.08688
1,0.08688
1,0.086881
1,0.086881
1,0.086882
1,0.086882
1,0.086882
1,0.086883
1,0.086884
1,0.086884
1,0.086885
1,0.086885
1,0.086885
1,0.086886
1,0.086886
1,0.086887
1,0.086887
1,0.086887
1,0.086888
1,0.086888
1,0.086888
1,0.086888
1,0.086889
1,0.086889
1,0.086889
1,0.08689
1,0.08689
1,0.08689
1,0.086891
1,0.086891
1,0.086892
1,0.086893
1,0.086894
1,0.086894
1,0.086895
1,0.086895
1,0.086897
1,0.086897
1,0.086897
1,0.086898
1,0.086898
1,0.086898
1,0.086899
1,0.086899
1,0.0869
1,0.086901
1,0.086901
1,0.086901
1,0.086902
1,0.086902
1,0.086902
1,0.086903
1,0.086903
1,0.086903
1,0.086904
1,0.086904
1,0.086905
1,0.086905
1,0.086906
1,0.086906
1,0.086906
1,0.086907
1,0.086907
1,0.086908
1,0.086908
1,0.086908
1,0.086909
1,0.086909
1,0.086909
1,0.08691
1,0.08691
1,0.086911
1,0.086911
1,0.086912
1,0.086912
1,0.086912
1,0.086912
1,0.086913
1,0.086913
1,0.086913
1,0.086914
1,0.086914
1,0.086914
1,0.086914
1,0.086915
1,0.086915
1,0.086916
1,0.086916
1,0.086917
1,0.086917
1,0.086918
1,0.086918
1,0.086918
1,0.086919
1,0.086919
1,0.086919
1,0.08692
1,0.08692
1,0.086921
1,0.086921
1,0.086922
1,0.086922
1,0.086923
1,0.086924
1,0.086924
1,0.086925
1,0.086926
1,0.086926
1,0.086927
1,0.086927
1,0.086927
1,0.086928
1,0.086929
1,0.086929
1,0.086929
1,0.08693
1,0.08693
1,0.086931
1,0.086932
1,0.086932
1,0.086932
1,0.086933
1,0.086933
1,0.086933
1,0.086934
1,0.086934
1,0.086934
1,0.086934
1,0.086935
1,0.086935
1,0.086936
1,0.086937
1,0.086937
1,0.086937
1,0.086938
1,0.086938
1,0.086938
1,0.086939
1,0.086939
1,0.08694
1,0.08694
1,0.08694
1,0.086941
1,0.086941
1,0.086941
1,0.086942
1,0.086942
1,0.086942
1,0.086942
1,0.086943
1,0.086943
1,0.086943
1,0.086944
1,0.086944
1,0.086944
1,0.086945
1,0.086945
1,0.086945
1,0.086946
1,0.086946
1,0.086946
1,0.086947
1,0.086947
1,0.086947
1,0.086947
1,0.086948
1,0.086948
1,0.086948
1,0.086949
1,0.086949
1,0.086949
1,0.08695
1,0.08695
1,0.086951
1,0.086952
1,0.086953
1,0.086953
1,0.086954
1,0.086954
1,0.086955
1,0.086956
1,0.086956
1,0.086957
1,0.086958
1,0.086958
1,0.086958
1,0.086958
1,0.086959
1,0.086959
1,0.086959
1,0.08696
1,0.08696
1,0.086961
1,0.086961
1,0.086962
1,0.086962
1,0.086962
1,0.086962
1,0.086963
1,0.086963
1,0.086964
1,0.086964
1,0.086965
1,0.086965
1,0.086966
1,0.086966
1,0.086967
1,0.086968
1,0.086968
1,0.086968
1,0.086969
1,0.086969
1,0.08697
1,0.08697
1,0.08697
1,0.086971
1,0.086971
1,0.086971
1,0.086971
1,0.086972
1,0.086972
1,0.086972
1,0.086973
1,0.086973
1,0.086973
1,0.086974
1,0.086974
1,0.086974
1,0.086975
1,0.086975
1,0.086975
1,0.086976
1,0.086976
1,0.086977
1,0.086977
1,0.086977
1,0.086978
1,0.086978
1,0.086979
1,0.086979
1,0.08698
1,0.08698
1,0.08698
1,0.086981
1,0.086982
1,0.086982
1,0.086983
1,0.086984
1,0.086985
1,0.086986
1,0.086986
1,0.086986
1,0.086988
1,0.086988
1,0.086989
1,0.086989
1,0.08699
1,0.08699
1,0.086991
1,0.086991
1,0.086992
1,0.086992
1,0.086993
1,0.086993
1,0.086993
1,0.086994
1,0.086994
1,0.086994
1,0.086995
1,0.086995
1,0.086996
1,0.086997
1,0.086997
1,0.086997
1,0.086998
1,0.086999
1,0.087
1,0.087001
1,0.087002
1,0.087002
1,0.087003
1,0.087003
1,0.087004
1,0.087004
1,0.087005
1,0.087006
1,0.087006
1,0.087006
1,0.087006
1,0.087007
1,0.087007
1,0.087008
1,0.087008
1,0.087008
1,0.087008
1,0.087009
1,0.087009
1,0.08701
1,0.08701
1,0.08701
1,0.087011
1,0.087011
1,0.087011
1,0.087012
1,0.087012
1,0.087013
1,0.087013
1,0.087013
1,0.087014
1,0.087014
1,0.087015
1,0.087015
1,0.087016
1,0.087016
1,0.087016
1,0.087017
1,0.087017
1,0.087017
1,0.087017
1,0.087018
1,0.087018
1,0.087019
1,0.087019
1,0.087019
1,0.08702
1,0.08702
1,0.087022
1,0.087023
1,0.087023
1,0.087024
1,0.087025
1,0.087026
1,0.087026
1,0.087027
1,0.087028
1,0.087028
1,0.087029
1,0.087029
1,0.087029
1,0.08703
1,0.08703
1,0.08703
1,0.087031
1,0.087032
1,0.087033
1,0.087034
1,0.087034
1,0.087035
1,0.087035
1,0.087035
1,0.087036
1,0.087037
1,0.087037
1,0.087038
1,0.087038
1,0.087039
1,0.087039
1,0.08704
1,0.087041
1,0.087042
1,0.087043
1,0.087043
1,0.087044
1,0.087044
1,0.087046
1,0.087047
1,0.087047
1,0.087047
1,0.087048
1,0.087048
1,0.087048
1,0.087048
1,0.087049
1,0.087049
1,0.087049
1,0.08705
1,0.08705
1,0.08705
1,0.087051
1,0.087051
1,0.087052
1,0.087052
1,0.087052
1,0.087053
1,0.087053
1,0.087053
1,0.087053
1,0.087054
1,0.087054
1,0.087054
1,0.087055
1,0.087055
1,0.087056
1,0.087056
1,0.087056
1,0.087057
1,0.087057
1,0.087057
1,0.087058
1,0.087058
1,0.087059
1,0.087059
1,0.087059
1,0.087061
1,0.087062
1,0.087063
1,0.087064
1,0.087066
1,0.087067
1,0.087068
1,0.087068
1,0.087069
1,0.08707
1,0.08707
1,0.08707
1,0.087071
1,0.087072
1,0.087073
1,0.087073
1,0.087073
1,0.087074
1,0.087074
1,0.087074
1,0.087075
1,0.087075
1,0.087075
1,0.087076
1,0.087077
1,0.087077
1,0.087078
1,0.087078
1,0.087079
1,0.087079
1,0.087079
1,0.08708
1,0.08708
1,0.087081
1,0.087082
1,0.087082
1,0.087084
1,0.087084
1,0.087085
1,0.087085
1,0.087086
1,0.087086
1,0.087086
1,0.087087
1,0.087088
1,0.087088
1,0.087088
1,0.087088
1,0.087089
1,0.08709
1,0.08709
1,0.08709
1,0.087091
1,0.087091
1,0.087091
1,0.087092
1,0.087092
1,0.087093
1,0.087093
1,0.087093
1,0.087093
1,0.087094
1,0.087094
1,0.087094
1,0.087095
1,0.087096
1,0.087096
1,0.087096
1,0.087097
1,0.087098
1,0.087098
1,0.087099
1,0.087099
1,0.087099
1,0.0871
1,0.087101
1,0.087101
1,0.087102
1,0.087102
1,0.087103
1,0.087103
1,0.087104
1,0.087104
1,0.087105
1,0.087105
1,0.087106
1,0.087106
1,0.087106
1,0.087106
1,0.087107
1,0.087108
1,0.087108
1,0.087109
1,0.087109
1,0.08711
1,0.087111
1,0.087111
1,0.087112
1,0.087113
1,0.087115
1,0.087115
1,0.087117
1,0.087118
1,0.087119
1,0.087121
1,0.087122
1,0.087122
1,0.087123
1,0.087124
1,0.087124
1,0.087125
1,0.087125
1,0.087126
1,0.087126
1,0.087127
1,0.087128
1,0.087129
1,0.087129
1,0.08713
1,0.087131
1,0.087131
1,0.087132
1,0.087133
1,0.087134
1,0.087135
1,0.087135
1,0.087135
1,0.087137
1,0.087138
1,0.087138
1,0.087138
1,0.087139
1,0.08714
1,0.08714
1,0.087141
1,0.087141
1,0.087142
1,0.087142
1,0.087142
1,0.087143
1,0.087143
1,0.087144
1,0.087144
1,0.087145
1,0.087146
1,0.087147
1,0.087147
1,0.087147
1,0.087148
1,0.087148
1,0.087148
1,0.087149
1,0.087149
1,0.087149
1,0.087149
1,0.08715
1,0.08715
1,0.08715
1,0.087151
1,0.087151
1,0.087151
1,0.087151
1,0.087152
1,0.087152
1,0.087153
1,0.087153
1,0.087153
1,0.087153
1,0.087154
1,0.087154
1,0.087155
1,0.087155
1,0.087156
1,0.087157
1,0.087157
1,0.087158
1,0.087158
1,0.087158
1,0.087159
1,0.087159
1,0.08716
1,0.08716
1,0.08716
1,0.087161
1,0.087161
1,0.087162
1,0.087162
1,0.087163
1,0.087163
1,0.087164
1,0.087164
1,0.087164
1,0.087165
1,0.087165
1,0.087166
1,0.087166
1,0.087166
1,0.087167
1,0.087167
1,0.087167
1,0.087167
1,0.087168
1,0.087168
1,0.087168
1,0.087169
1,0.087169
1,0.087169
1,0.087171
1,0.087173
1,0.087173
1,0.087174
1,0.087174
1,0.087176
1,0.087176
1,0.087177
1,0.087179
1,0.087181
1,0.087182
1,0.087182
1,0.087183
1,0.087183
1,0.087183
1,0.087185
1,0.087185
1,0.087185
1,0.087186
1,0.087187
1,0.087188
1,0.087189
1,0.087189
1,0.087189
1,0.08719
1,0.08719
1,0.08719
1,0.087191
1,0.087192
1,0.087193
1,0.087194
1,0.087194
1,0.087195
1,0.087196
1,0.087197
1,0.087199
1,0.087199
1,0.087199
1,0.0872
1,0.0872
1,0.087201
1,0.087201
1,0.087202
1,0.087202
1,0.087203
1,0.087204
1,0.087204
1,0.087205
1,0.087206
1,0.087206
1,0.087207
1,0.087207
1,0.087208
1,0.087208
1,0.087209
1,0.087209
1,0.087209
1,0.08721
1,0.08721
1,0.08721
1,0.08721
1,0.087211
1,0.087211
1,0.087211
1,0.087212
1,0.087212
1,0.087213
1,0.087213
1,0.087214
1,0.087215
1,0.087215
1,0.087215
1,0.087216
1,0.087217
1,0.087217
1,0.087218
1,0.087218
1,0.087219
1,0.087219
1,0.08722
1,0.087221
1,0.087222
1,0.087222
1,0.087222
1,0.087223
1,0.087224
1,0.087224
1,0.087225
1,0.087225
1,0.087225
1,0.087226
1,0.087226
1,0.087227
1,0.087227
1,0.087227
1,0.087228
1,0.087228
1,0.087229
1,0.087229
1,0.087229
1,0.087229
1,0.087231
1,0.087232
1,0.087233
1,0.087234
1,0.087235
1,0.087236
1,0.087236
1,0.087237
1,0.087239
1,0.087241
1,0.087241
1,0.087243
1,0.087243
1,0.087244
1,0.087245
1,0.087246
1,0.087247
1,0.087247
1,0.087248
1,0.087249
1,0.087249
1,0.08725
1,0.087251
1,0.087252
1,0.087252
1,0.087253
1,0.087254
1,0.087254
1,0.087255
1,0.087255
1,0.087256
1,0.087256
1,0.087257
1,0.087257
1,0.087257
1,0.087258
1,0.087259
1,0.08726
1,0.087262
1,0.087262
1,0.087263
1,0.087264
1,0.087265
1,0.087266
1,0.087267
1,0.087268
1,0.087268
1,0.087268
1,0.08727
1,0.08727
1,0.08727
1,0.087271
1,0.087271
1,0.087271
1,0.087272
1,0.087272
1,0.087272
1,0.087272
1,0.087273
1,0.087273
1,0.087273
1,0.087274
1,0.087274
1,0.087275
1,0.087275
1,0.087275
1,0.087275
1,0.087276
1,0.087276
1,0.087278
1,0.087278
1,0.087278
1,0.087279
1,0.087279
1,0.08728
1,0.087281
1,0.087282
1,0.087282
1,0.087283
1,0.087284
1,0.087285
1,0.087285
1,0.087285
1,0.087286
1,0.087286
1,0.087287
1,0.087288
1,0.087288
1,0.087288
1,0.087289
1,0.087289
1,0.087289
1,0.08729
1,0.087291
1,0.087291
1,0.087292
1,0.087292
1,0.087292
1,0.087293
1,0.087293
1,0.087293
1,0.087293
1,0.087294
1,0.087295
1,0.087295
1,0.087296
1,0.087297
1,0.087297
1,0.087298
1,0.087299
1,0.0873
1,0.087302
1,0.087303
1,0.087305
1,0.087307
1,0.087308
1,0.087309
1,0.08731
1,0.087311
1,0.087312
1,0.087313
1,0.087314
1,0.087314
1,0.087315
1,0.087316
1,0.087316
1,0.087316
1,0.087317
1,0.087317
1,0.087318
1,0.087319
1,0.087319
1,0.08732
1,0.08732
1,0.087321
1,0.087321
1,0.087322
1,0.087322
1,0.087323
1,0.087324
1,0.087325
1,0.087326
1,0.087327
1,0.087328
1,0.087328
1,0.087329
1,0.08733
1,0.08733
1,0.087331
1,0.087332
1,0.087333
1,0.087334
1,0.087334
1,0.087335
1,0.087335
1,0.087335
1,0.087336
1,0.087336
1,0.087336
1,0.087337
1,0.087337
1,0.087337
1,0.087337
1,0.087338
1,0.087338
1,0.087339
1,0.087339
1,0.087339
1,0.08734
1,0.08734
1,0.08734
1,0.08734
1,0.087342
1,0.087342
1,0.087343
1,0.087343
1,0.087344
1,0.087344
1,0.087344
1,0.087345
1,0.087345
1,0.087346
1,0.087347
1,0.087347
1,0.087348
1,0.087349
1,0.087349
1,0.087349
1,0.08735
1,0.08735
1,0.087351
1,0.087352
1,0.087353
1,0.087353
1,0.087354
1,0.087354
1,0.087354
1,0.087355
1,0.087355
1,0.087356
1,0.087356
1,0.087356
1,0.087357
1,0.087358
1,0.087358
1,0.087358
1,0.087359
1,0.087359
1,0.08736
1,0.08736
1,0.087361
1,0.087361
1,0.087362
1,0.087362
1,0.087362
1,0.087364
1,0.087365
1,0.087365
1,0.087367
1,0.08737
1,0.087372
1,0.087373
1,0.087375
1,0.087377
1,0.087377
1,0.08738
1,0.087383
1,0.087383
1,0.087384
1,0.087385
1,0.087386
1,0.087386
1,0.087387
1,0.087387
1,0.087387
1,0.087387
1,0.087388
1,0.087389
1,0.087389
1,0.087389
1,0.08739
1,0.08739
1,0.08739
1,0.087391
1,0.087391
1,0.087392
1,0.087393
1,0.087394
1,0.087395
1,0.087396
1,0.087396
1,0.087396
1,0.087397
1,0.087397
1,0.087398
1,0.087399
1,0.0874
1,0.0874
1,0.087401
1,0.087401
1,0.087402
1,0.087402
1,0.087403
1,0.087404
1,0.087405
1,0.087406
1,0.087406
1,0.087406
1,0.087407
1,0.087407
1,0.087407
1,0.087408
1,0.087408
1,0.087408
1,0.087409
1,0.087409
1,0.087409
1,0.08741
1,0.08741
1,0.08741
1,0.087411
1,0.087412
1,0.087413
1,0.087413
1,0.087415
1,0.087416
1,0.087417
1,0.087417
1,0.087418
1,0.087418
1,0.087418
1,0.087419
1,0.08742
1,0.087422
1,0.087422
1,0.087422
1,0.087424
1,0.087425
1,0.087425
1,0.087427
1,0.087428
1,0.087428
1,0.087429
1,0.087429
1,0.08743
1,0.087431
1,0.087432
1,0.087432
1,0.087433
1,0.087433
1,0.087434
1,0.087435
1,0.087436
1,0.087437
1,0.087437
1,0.087437
1,0.087437
1,0.087438
1,0.087438
1,0.087439
1,0.087439
1,0.087439
1,0.087439
1,0.08744
1,0.087441
1,0.087441
1,0.087443
1,0.087445
1,0.087446
1,0.087446
1,0.087448
1,0.087451
1,0.087453
1,0.087454
1,0.087458
1,0.087458
1,0.087459
1,0.08746
1,0.087462
1,0.087464
1,0.087466
1,0.087467
1,0.087468
1,0.087469
1,0.08747
1,0.087471
1,0.087471
1,0.087472
1,0.087473
1,0.087473
1,0.087474
1,0.087475
1,0.087475
1,0.087476
1,0.087477
1,0.087477
1,0.087478
1,0.087479
1,0.08748
1,0.087481
1,0.087482
1,0.087483
1,0.087484
1,0.087486
1,0.087486
1,0.087487
1,0.087487
1,0.087488
1,0.087488
1,0.08749
1,0.087491
1,0.087491
1,0.087492
1,0.087492
1,0.087492
1,0.087493
1,0.087493
1,0.087494
1,0.087494
1,0.087495
1,0.087495
1,0.087496
1,0.087496
1,0.087496
1,0.087497
1,0.087497
1,0.087497
1,0.087498
1,0.087498
1,0.087499
1,0.087499
1,0.087499
1,0.0875
1,0.0875
1,0.087501
1,0.087501
1,0.087501
1,0.087502
1,0.087503
1,0.087504
1,0.087504
1,0.087505
1,0.087506
1,0.087506
1,0.087507
1,0.087507
1,0.087508
1,0.087509
1,0.08751
1,0.087511
1,0.087512
1,0.087512
1,0.087514
1,0.087515
1,0.087516
1,0.087517
1,0.087517
1,0.087519
1,0.08752
1,0.08752
1,0.087522
1,0.087523
1,0.087524
1,0.087525
1,0.087525
1,0.087526
1,0.087527
1,0.087527
1,0.087528
1,0.087528
1,0.087529
1,0.087529
1,0.08753
1,0.08753
1,0.08753
1,0.08753
1,0.087531
1,0.087532
1,0.087532
1,0.087532
1,0.087533
1,0.087533
1,0.087533
1,0.087533
1,0.087534
1,0.087536
1,0.087537
1,0.087539
1,0.08754
1,0.087541
1,0.087543
1,0.087544
1,0.087546
1,0.087549
1,0.087551
1,0.087552
1,0.087555
1,0.087555
1,0.087556
1,0.087557
1,0.087558
1,0.087559
1,0.087559
1,0.087561
1,0.087561
1,0.087562
1,0.087563
1,0.087564
1,0.087564
1,0.087565
1,0.087566
1,0.087566
1,0.087567
1,0.087567
1,0.087569
1,0.087569
1,0.08757
1,0.087571
1,0.087572
1,0.087574
1,0.087575
1,0.087576
1,0.087576
1,0.087577
1,0.087578
1,0.087579
1,0.08758
1,0.08758
1,0.087581
1,0.087581
1,0.087582
1,0.087583
1,0.087583
1,0.087584
1,0.087584
1,0.087585
1,0.087585
1,0.087586
1,0.087586
1,0.087587
1,0.087588
1,0.087588
1,0.087589
1,0.087589
1,0.087589
1,0.08759
1,0.08759
1,0.08759
1,0.087591
1,0.087591
1,0.087591
1,0.087592
1,0.087592
1,0.087592
1,0.087593
1,0.087593
1,0.087594
1,0.087594
1,0.087595
1,0.087595
1,0.087596
1,0.087597
1,0.087597
1,0.087598
1,0.087599
1,0.087599
1,0.0876
1,0.087601
1,0.087602
1,0.087603
1,0.087603
1,0.087604
1,0.087605
1,0.087606
1,0.087606
1,0.087607
1,0.087608
1,0.087609
1,0.08761
1,0.087612
1,0.087612
1,0.087612
1,0.087613
1,0.087613
1,0.087614
1,0.087614
1,0.087615
1,0.087616
1,0.087617
1,0.087618
1,0.087619
1,0.08762
1,0.087621
1,0.087622
1,0.087622
1,0.087623
1,0.087623
1,0.087624
1,0.087625
1,0.087625
1,0.087626
1,0.087626
1,0.087626
1,0.087626
1,0.087627
1,0.087627
1,0.087628
1,0.087628
1,0.087628
1,0.087629
1,0.087629
1,0.08763
1,0.087631
1,0.087631
1,0.087632
1,0.087633
1,0.087634
1,0.087636
1,0.087637
1,0.087638
1,0.08764
1,0.087643
1,0.087644
1,0.087648
1,0.087651
1,0.087653
1,0.087655
1,0.087657
1,0.087658
1,0.087662
1,0.087663
1,0.087665
1,0.087667
1,0.087669
1,0.087671
1,0.087671
1,0.087672
1,0.087672
1,0.087673
1,0.087673
1,0.087675
1,0.087675
1,0.087676
1,0.087676
1,0.087677
1,0.087678
1,0.08768
1,0.08768
1,0.087681
1,0.087682
1,0.087683
1,0.087685
1,0.087686
1,0.087687
1,0.087688
1,0.087689
1,0.087689
1,0.08769
1,0.08769
1,0.087692
1,0.087692
1,0.087693
1,0.087693
1,0.087694
1,0.087694
1,0.087695
1,0.087696
1,0.087696
1,0.087696
1,0.087697
1,0.087697
1,0.087697
1,0.087698
1,0.087698
1,0.087698
1,0.087698
1,0.087699
1,0.087699
1,0.087699
1,0.0877
1,0.0877
1,0.0877
1,0.0877
1,0.087701
1,0.087701
1,0.087701
1,0.087702
1,0.087703
1,0.087703
1,0.087703
1,0.087704
1,0.087706
1,0.087706
1,0.087707
1,0.087709
1,0.08771
1,0.08771
1,0.087711
1,0.087713
1,0.087713
1,0.087714
1,0.087715
1,0.087715
1,0.087717
1,0.087718
1,0.087719
1,0.08772
1,0.087721
1,0.087723
1,0.087723
1,0.087725
1,0.087727
1,0.087728
1,0.08773
1,0.087731
1,0.087732
1,0.087732
1,0.087733
1,0.087733
1,0.087735
1,0.087736
1,0.087737
1,0.087738
1,0.087738
1,0.08774
1,0.08774
1,0.087741
1,0.087741
1,0.087742
1,0.087743
1,0.087743
1,0.087744
1,0.087745
1,0.087745
1,0.087745
1,0.087746
1,0.087746
1,0.087747
1,0.087748
1,0.087748
1,0.087749
1,0.087749
1,0.08775
1,0.087751
1,0.087752
1,0.087753
1,0.087755
1,0.087757
1,0.087759
1,0.08776
1,0.087763
1,0.087765
1,0.087768
1,0.087769
1,0.087772
1,0.087774
1,0.087775
1,0.087777
1,0.087779
1,0.087781
1,0.087782
1,0.087783
1,0.087784
1,0.087786
1,0.087786
1,0.087788
1,0.087789
1,0.08779
1,0.08779
1,0.087791
1,0.087792
1,0.087792
1,0.087793
1,0.087794
1,0.087794
1,0.087795
1,0.087796
1,0.087797
1,0.087799
1,0.087799
1,0.0878
1,0.087801
1,0.087802
1,0.087803
1,0.087804
1,0.087805
1,0.087806
1,0.087806
1,0.087807
1,0.087807
1,0.087808
1,0.087808
1,0.087809
1,0.087809
1,0.08781
1,0.08781
1,0.08781
1,0.087811
1,0.087811
1,0.087811
1,0.087812
1,0.087812
1,0.087812
1,0.087813
1,0.087813
1,0.087813
1,0.087814
1,0.087814
1,0.087815
1,0.087815
1,0.087817
1,0.087818
1,0.087819
1,0.087819
1,0.08782
1,0.087821
1,0.087821
1,0.087822
1,0.087823
1,0.087824
1,0.087824
1,0.087825
1,0.087826
1,0.087826
1,0.087827
1,0.087829
1,0.08783
1,0.08783
1,0.087831
1,0.087832
1,0.087834
1,0.087835
1,0.087836
1,0.087837
1,0.087838
1,0.08784
1,0.087841
1,0.087842
1,0.087843
1,0.087844
1,0.087845
1,0.087846
1,0.087848
1,0.087848
1,0.087849
1,0.08785
1,0.08785
1,0.087851
1,0.087852
1,0.087852
1,0.087853
1,0.087854
1,0.087854
1,0.087855
1,0.087855
1,0.087855
1,0.087855
1,0.087856
1,0.087857
1,0.087857
1,0.087858
1,0.087858
1,0.087858
1,0.087858
1,0.087859
1,0.087859
1,0.087859
1,0.08786
1,0.08786
1,0.08786
1,0.087861
1,0.087863
1,0.087864
1,0.087865
1,0.087868
1,0.087869
1,0.087872
1,0.087875
1,0.087877
1,0.087879
1,0.08788
1,0.087883
1,0.087884
1,0.087886
1,0.087888
1,0.087889
1,0.087891
1,0.087892
1,0.087893
1,0.087894
1,0.087894
1,0.087895
1,0.087895
1,0.087896
1,0.087897
1,0.087897
1,0.087898
1,0.087898
1,0.087899
1,0.0879
1,0.0879
1,0.087902
1,0.087903
1,0.087904
1,0.087905
1,0.087905
1,0.087906
1,0.087907
1,0.087907
1,0.087908
1,0.087909
1,0.087909
1,0.08791
1,0.087911
1,0.087911
1,0.087911
1,0.087912
1,0.087913
1,0.087913
1,0.087914
1,0.087915
1,0.087915
1,0.087915
1,0.087916
1,0.087916
1,0.087917
1,0.087917
1,0.087918
1,0.087918
1,0.087918
1,0.087919
1,0.087919
1,0.087919
1,0.08792
1,0.08792
1,0.08792
1,0.087921
1,0.087921
1,0.087922
1,0.087922
1,0.087923
1,0.087923
1,0.087923
1,0.087924
1,0.087924
1,0.087925
1,0.087925
1,0.087926
1,0.087927
1,0.087928
1,0.087928
1,0.087928
1,0.087929
1,0.08793
1,0.087931
1,0.087932
1,0.087933
1,0.087934
1,0.087937
1,0.087937
1,0.087938
1,0.087939
1,0.087941
1,0.087943
1,0.087943
1,0.087945
1,0.087945
1,0.087946
1,0.087947
1,0.087948
1,0.08795
1,0.087951
1,0.087953
1,0.087953
1,0.087953
1,0.087955
1,0.087956
1,0.087957
1,0.087958
1,0.087958
1,0.087959
1,0.08796
1,0.087962
1,0.087962
1,0.087963
1,0.087964
1,0.087965
1,0.087965
1,0.087966
1,0.087966
1,0.087966
1,0.087967
1,0.087967
1,0.087968
1,0.087968
1,0.087968
1,0.087969
1,0.087969
1,0.087969
1,0.08797
1,0.08797
1,0.08797
1,0.087971
1,0.087972
1,0.087974
1,0.087976
1,0.087978
1,0.08798
1,0.087982
1,0.087985
1,0.087987
1,0.087989
1,0.087992
1,0.087994
1,0.087996
1,0.087999
1,0.087999
1,0.088
1,0.088002
1,0.088003
1,0.088004
1,0.088005
1,0.088006
1,0.088006
1,0.088007
1,0.088007
1,0.088008
1,0.088009
1,0.08801
1,0.088012
1,0.088012
1,0.088013
1,0.088015
1,0.088016
1,0.088017
1,0.088018
1,0.08802
1,0.08802
1,0.088022
1,0.088022
1,0.088022
1,0.088023
1,0.088024
1,0.088025
1,0.088026
1,0.088027
1,0.088027
1,0.088028
1,0.088029
1,0.088029
1,0.088029
1,0.08803
1,0.08803
1,0.088031
1,0.088031
1,0.088031
1,0.088031
1,0.088032
1,0.088032
1,0.088032
1,0.088033
1,0.088033
1,0.088033
1,0.088034
1,0.088035
1,0.088035
1,0.088036
1,0.088037
1,0.088038
1,0.088039
1,0.088039
1,0.088041
1,0.088042
1,0.088043
1,0.088044
1,0.088044
1,0.088045
1,0.088047
1,0.088049
1,0.08805
1,0.08805
1,0.088052
1,0.088055
1,0.088057
1,0.088058
1,0.088059
1,0.08806
1,0.088061
1,0.088062
1,0.088064
1,0.088066
1,0.088067
1,0.088068
1,0.088069
1,0.088071
1,0.088072
1,0.088072
1,0.088073
1,0.088074
1,0.088074
1,0.088076
1,0.088076
1,0.088077
1,0.088078
1,0.08808
1,0.08808
1,0.088081
1,0.088082
1,0.088083
1,0.088083
1,0.088083
1,0.088084
1,0.088085
1,0.088085
1,0.088085
1,0.088086
1,0.088086
1,0.088087
1,0.088087
1,0.088087
1,0.088088
1,0.088088
1,0.088088
1,0.088088
1,0.088089
1,0.08809
1,0.088091
1,0.088091
1,0.088094
1,0.088096
1,0.088096
1,0.088098
1,0.088101
1,0.088104
1,0.088107
1,0.088111
1,0.088114
1,0.088117
1,0.088118
1,0.088122
1,0.088123
1,0.088126
1,0.088126
1,0.088128
1,0.088129
1,0.088131
1,0.088132
1,0.088134
1,0.088135
1,0.088136
1,0.088136
1,0.088137
1,0.088137
1,0.088138
1,0.088139
1,0.08814
1,0.088141
1,0.088141
1,0.088142
1,0.088142
1,0.088143
1,0.088145
1,0.088145
1,0.088146
1,0.088148
1,0.088148
1,0.088149
1,0.08815
1,0.08815
1,0.088151
1,0.088151
1,0.088152
1,0.088152
1,0.088153
1,0.088153
1,0.088153
1,0.088154
1,0.088154
1,0.088155
1,0.088155
1,0.088155
1,0.088156
1,0.088156
1,0.088156
1,0.088156
1,0.088157
1,0.088157
1,0.088157
1,0.088158
1,0.088158
1,0.088159
1,0.088159
1,0.088159
1,0.08816
1,0.08816
1,0.088161
1,0.088161
1,0.088162
1,0.088162
1,0.088163
1,0.088164
1,0.088164
1,0.088165
1,0.088167
1,0.088169
1,0.088169
1,0.08817
1,0.088171
1,0.088171
1,0.088173
1,0.088175
1,0.088176
1,0.088177
1,0.088177
1,0.088179
1,0.08818
1,0.088183
1,0.088185
1,0.088186
1,0.088187
1,0.088189
1,0.08819
1,0.088191
1,0.088194
1,0.088195
1,0.088196
1,0.088198
1,0.0882
1,0.088203
1,0.088203
1,0.088204
1,0.088206
1,0.088207
1,0.088208
1,0.088209
1,0.088211
1,0.088214
1,0.088216
1,0.088216
1,0.088217
1,0.088217
1,0.088218
1,0.088218
1,0.088219
1,0.08822
1,0.08822
1,0.08822
1,0.088221
1,0.088222
1,0.088222
1,0.088223
1,0.088223
1,0.088224
1,0.088224
1,0.088224
1,0.088225
1,0.088225
1,0.088225
1,0.088225
1,0.088226
1,0.088226
1,0.088227
1,0.088227
1,0.088227
1,0.088229
1,0.088232
1,0.088235
1,0.088238
1,0.08824
1,0.088241
1,0.088244
1,0.088245
1,0.088248
1,0.088251
1,0.088253
1,0.088255
1,0.088256
1,0.088258
1,0.088259
1,0.08826
1,0.088261
1,0.088261
1,0.088262
1,0.088263
1,0.088264
1,0.088265
1,0.088267
1,0.088267
1,0.088267
1,0.088268
1,0.088269
1,0.08827
1,0.088272
1,0.088272
1,0.088274
1,0.088276
1,0.088277
1,0.088279
1,0.088279
1,0.088281
1,0.088283
1,0.088283
1,0.088284
1,0.088284
1,0.088286
1,0.088287
1,0.088287
1,0.088288
1,0.088288
1,0.088288
1,0.088289
1,0.088289
1,0.08829
1,0.08829
1,0.08829
1,0.088291
1,0.088291
1,0.088292
1,0.088292
1,0.088293
1,0.088293
1,0.088293
1,0.088294
1,0.088294
1,0.088294
1,0.088295
1,0.088295
1,0.088296
1,0.088297
1,0.088298
1,0.088299
1,0.088299
1,0.0883
1,0.088301
1,0.088302
1,0.088303
1,0.088304
1,0.088306
1,0.088307
1,0.08831
1,0.088312
1,0.088312
1,0.088314
1,0.088316
1,0.088317
1,0.088318
1,0.088318
1,0.088319
1,0.088321
1,0.088321
1,0.088322
1,0.088324
1,0.088325
1,0.088326
1,0.088327
1,0.088329
1,0.088331
1,0.088332
1,0.088334
1,0.088335
1,0.088335
1,0.088335
1,0.088336
1,0.088337
1,0.088338
1,0.088339
1,0.08834
1,0.088341
1,0.088342
1,0.088343
1,0.088343
1,0.088344
1,0.088344
1,0.088344
1,0.088345
1,0.088345
1,0.088345
1,0.088346
1,0.088346
1,0.088346
1,0.088347
1,0.088347
1,0.088347
1,0.088349
1,0.088349
1,0.08835
1,0.088353
1,0.088355
1,0.088357
1,0.08836
1,0.088362
1,0.088363
1,0.088366
1,0.088369
1,0.08837
1,0.088372
1,0.088373
1,0.088374
1,0.088376
1,0.088378
1,0.088379
1,0.088381
1,0.088381
1,0.088383
1,0.088385
1,0.088387
1,0.088389
1,0.088391
1,0.088392
1,0.088394
1,0.088397
1,0.088398
1,0.0884
1,0.088401
1,0.088402
1,0.088404
1,0.088404
1,0.088405
1,0.088407
1,0.088407
1,0.088407
1,0.088408
1,0.088409
1,0.08841
1,0.088411
1,0.088412
1,0.088412
1,0.088413
1,0.088414
1,0.088414
1,0.088415
1,0.088415
1,0.088415
1,0.088416
1,0.088417
1,0.088417
1,0.088417
1,0.088418
1,0.088418
1,0.088418
1,0.088419
1,0.088419
1,0.088419
1,0.08842
1,0.088421
1,0.088422
1,0.088422
1,0.088422
1,0.088423
1,0.088423
1,0.088424
1,0.088424
1,0.088425
1,0.088425
1,0.088427
1,0.088429
1,0.088429
1,0.08843
1,0.08843
1,0.088431
1,0.088431
1,0.088434
1,0.088435
1,0.088436
1,0.088438
1,0.08844
1,0.088442
1,0.088445
1,0.088447
1,0.088448
1,0.088451
1,0.088451
1,0.088454
1,0.088456
1,0.088459
1,0.08846
1,0.088463
1,0.088465
1,0.088467
1,0.088468
1,0.08847
1,0.088471
1,0.088472
1,0.088472
1,0.088473
1,0.088474
1,0.088475
1,0.088476
1,0.088477
1,0.088478
1,0.088479
1,0.088479
1,0.08848
1,0.088482
1,0.088483
1,0.088483
1,0.088483
1,0.088484
1,0.088484
1,0.088484
1,0.088485
1,0.088485
1,0.088485
1,0.088486
1,0.088486
1,0.088486
1,0.088486
1,0.088487
1,0.088488
1,0.088489
1,0.08849
1,0.088491
1,0.088492
1,0.088493
1,0.088494
1,0.088496
1,0.088498
1,0.088504
1,0.088507
1,0.088508
1,0.08851
1,0.088513
1,0.088516
1,0.088518
1,0.08852
1,0.088521
1,0.088523
1,0.088525
1,0.088527
1,0.088528
1,0.08853
1,0.08853
1,0.088531
1,0.088532
1,0.088533
1,0.088534
1,0.088536
1,0.088537
1,0.088538
1,0.088539
1,0.08854
1,0.088541
1,0.088542
1,0.088543
1,0.088544
1,0.088544
1,0.088545
1,0.088545
1,0.088546
1,0.088547
1,0.088548
1,0.088548
1,0.088549
1,0.088549
1,0.08855
1,0.088551
1,0.088551
1,0.088552
1,0.088553
1,0.088554
1,0.088555
1,0.088555
1,0.088555
1,0.088556
1,0.088556
1,0.088557
1,0.088557
1,0.088557
1,0.088558
1,0.088558
1,0.088558
1,0.088559
1,0.088559
1,0.088559
1,0.08856
1,0.08856
1,0.088561
1,0.088561
1,0.088562
1,0.088563
1,0.088563
1,0.088564
1,0.088565
1,0.088566
1,0.088566
1,0.088567
1,0.088568
1,0.088569
1,0.08857
1,0.088571
1,0.088573
1,0.088574
1,0.088575
1,0.088575
1,0.088576
1,0.088579
1,0.088581
1,0.088583
1,0.088584
1,0.088585
1,0.088586
1,0.088588
1,0.088589
1,0.08859
1,0.088591
1,0.088592
1,0.088595
1,0.088597
1,0.088599
1,0.088601
1,0.088603
1,0.088606
1,0.088607
1,0.088607
1,0.088609
1,0.08861
1,0.08861
1,0.088611
1,0.088612
1,0.088614
1,0.088614
1,0.088615
1,0.088616
1,0.088616
1,0.088617
1,0.088617
1,0.088617
1,0.088618
1,0.088618
1,0.088619
1,0.088619
1,0.08862
1,0.08862
1,0.088621
1,0.088621
1,0.088622
1,0.088622
1,0.088622
1,0.088623
1,0.088623
1,0.088623
1,0.088624
1,0.088624
1,0.088624
1,0.088624
1,0.088625
1,0.088625
1,0.088625
1,0.088626
1,0.088626
1,0.088627
1,0.088627
1,0.088628
1,0.08863
1,0.088631
1,0.088631
1,0.088633
1,0.088636
1,0.088639
1,0.088642
1,0.088646
1,0.088651
1,0.088654
1,0.088657
1,0.088661
1,0.088665
1,0.088669
1,0.088669
1,0.088669
1,0.088672
1,0.088673
1,0.088675
1,0.088676
1,0.088677
1,0.088678
1,0.08868
1,0.088683
1,0.088685
1,0.088686
1,0.088688
1,0.08869
1,0.088692
1,0.088694
1,0.088694
1,0.088697
1,0.088697
1,0.088699
1,0.0887
1,0.088701
1,0.088702
1,0.088703
1,0.088703
1,0.088704
1,0.088705
1,0.088706
1,0.088707
1,0.088707
1,0.088708
1,0.088709
1,0.08871
1,0.08871
1,0.088711
1,0.088712
1,0.088712
1,0.088713
1,0.088713
1,0.088714
1,0.088714
1,0.088714
1,0.088715
1,0.088715
1,0.088716
1,0.088716
1,0.088716
1,0.088717
1,0.088717
1,0.088717
1,0.088718
1,0.088719
1,0.088719
1,0.088719
1,0.08872
1,0.088722
1,0.088723
1,0.088724
1,0.088725
1,0.088726
1,0.088727
1,0.088728
1,0.088728
1,0.08873
1,0.08873
1,0.088731
1,0.088733
1,0.088735
1,0.088738
1,0.088739
1,0.088741
1,0.088742
1,0.088744
1,0.088746
1,0.088747
1,0.088749
1,0.08875
1,0.088752
1,0.088753
1,0.088754
1,0.088756
1,0.088758
1,0.088758
1,0.08876
1,0.08876
1,0.088762
1,0.088762
1,0.088765
1,0.088766
1,0.088767
1,0.088769
1,0.088771
1,0.088772
1,0.088774
1,0.088776
1,0.088777
1,0.088778
1,0.088779
1,0.08878
1,0.088781
1,0.088782
1,0.088783
1,0.088783
1,0.088784
1,0.088785
1,0.088785
1,0.088785
1,0.088786
1,0.088786
1,0.088786
1,0.088787
1,0.088787
1,0.088788
1,0.088788
1,0.088788
1,0.088788
1,0.088789
1,0.088789
1,0.088789
1,0.08879
1,0.08879
1,0.088791
1,0.088791
1,0.088791
1,0.088791
1,0.088792
1,0.088792
1,0.088792
1,0.088793
1,0.088794
1,0.088795
1,0.088796
1,0.088797
1,0.088799
1,0.088801
1,0.088804
1,0.088807
1,0.08881
1,0.088814
1,0.088817
1,0.088821
1,0.088826
1,0.08883
1,0.088832
1,0.088835
1,0.088838
1,0.088839
1,0.088842
1,0.088842
1,0.088843
1,0.088845
1,0.088848
1,0.08885
1,0.088854
1,0.088856
1,0.088858
1,0.088861
1,0.088862
1,0.088864
1,0.088866
1,0.088869
1,0.088872
1,0.088875
1,0.088876
1,0.088877
1,0.088878
1,0.08888
1,0.088881
1,0.088882
1,0.088883
1,0.088884
1,0.088884
1,0.088885
1,0.088886
1,0.088887
1,0.088887
1,0.088888
1,0.088888
1,0.088889
1,0.08889
1,0.088891
1,0.088893
1,0.088894
1,0.088895
1,0.088896
1,0.088897
1,0.088897
1,0.088899
1,0.0889
1,0.088901
1,0.088901
1,0.088902
1,0.088903
1,0.088903
1,0.088904
1,0.088905
1,0.088906
1,0.088906
1,0.088907
1,0.088907
1,0.088908
1,0.088909
1,0.088909
1,0.08891
1,0.08891
1,0.088911
1,0.088912
1,0.088913
1,0.088913
1,0.088915
1,0.088916
1,0.088916
1,0.088917
1,0.088918
1,0.088919
1,0.088919
1,0.088921
1,0.088922
1,0.088923
1,0.088924
1,0.088926
1,0.088927
1,0.088928
1,0.088929
1,0.088932
1,0.088933
1,0.088933
1,0.088935
1,0.088937
1,0.088939
1,0.088939
1,0.088942
1,0.088943
1,0.088945
1,0.088947
1,0.088949
1,0.08895
1,0.088951
1,0.088952
1,0.088955
1,0.088957
1,0.088959
1,0.088961
1,0.088962
1,0.088963
1,0.088964
1,0.088966
1,0.088967
1,0.088968
1,0.088968
1,0.088969
1,0.08897
1,0.08897
1,0.088971
1,0.088971
1,0.088972
1,0.088972
1,0.088972
1,0.088972
1,0.088973
1,0.088973
1,0.088973
1,0.088974
1,0.088974
1,0.088974
1,0.088975
1,0.088975
1,0.088975
1,0.088975
1,0.088976
1,0.088976
1,0.088977
1,0.088977
1,0.088977
1,0.088978
1,0.088978
1,0.088978
1,0.088979
1,0.088979
1,0.088979
1,0.08898
1,0.088981
1,0.088982
1,0.088983
1,0.088985
1,0.088987
1,0.088989
1,0.088992
1,0.088996
1,0.089
1,0.089003
1,0.089007
1,0.089012
1,0.089014
1,0.089018
1,0.089019
1,0.089023
1,0.089025
1,0.089028
1,0.089031
1,0.089032
1,0.089036
1,0.089039
1,0.089041
1,0.089043
1,0.089046
1,0.089048
1,0.089052
1,0.089055
1,0.089056
1,0.089058
1,0.08906
1,0.089062
1,0.089063
1,0.089065
1,0.089066
1,0.089068
1,0.089069
1,0.089072
1,0.089072
1,0.089073
1,0.089074
1,0.089075
1,0.089076
1,0.089077
1,0.089078
1,0.089079
1,0.08908
1,0.089082
1,0.089083
1,0.089084
1,0.089085
1,0.089086
1,0.089087
1,0.089088
1,0.089089
1,0.08909
1,0.089091
1,0.089092
1,0.089093
1,0.089093
1,0.089093
1,0.089094
1,0.089095
1,0.089096
1,0.089096
1,0.089097
1,0.089097
1,0.089098
1,0.089099
1,0.089099
1,0.0891
1,0.0891
1,0.089101
1,0.089101
1,0.089103
1,0.089103
1,0.089104
1,0.089105
1,0.089106
1,0.089107
1,0.089109
1,0.08911
1,0.089112
1,0.089113
1,0.089113
1,0.089115
1,0.089115
1,0.089117
1,0.089118
1,0.089119
1,0.08912
1,0.089122
1,0.089123
1,0.089124
1,0.089125
1,0.089127
1,0.089129
1,0.089132
1,0.089133
1,0.089136
1,0.089138
1,0.089139
1,0.08914
1,0.089143
1,0.089143
1,0.089144
1,0.089146
1,0.089147
1,0.089149
1,0.08915
1,0.089151
1,0.089152
1,0.089153
1,0.089154
1,0.089154
1,0.089155
1,0.089156
1,0.089157
1,0.089157
1,0.089158
1,0.089159
1,0.089159
1,0.08916
1,0.089161
1,0.089161
1,0.089162
1,0.089162
1,0.089162
1,0.089163
1,0.089163
1,0.089163
1,0.089164
1,0.089164
1,0.089164
1,0.089165
1,0.089165
1,0.089165
1,0.089166
1,0.089166
1,0.089166
1,0.089167
1,0.089167
1,0.089167
1,0.089168
1,0.089168
1,0.089168
1,0.089168
1,0.089169
1,0.089169
1,0.089169
1,0.08917
1,0.08917
1,0.08917
1,0.089171
1,0.089172
1,0.089172
1,0.089174
1,0.089174
1,0.089177
1,0.089179
1,0.08918
1,0.089185
1,0.089189
1,0.089193
1,0.089197
1,0.089201
1,0.089207
1,0.089214
1,0.089218
1,0.089224
1,0.089229
1,0.089233
1,0.089237
1,0.08924
1,0.089243
1,0.089246
1,0.08925
1,0.089253
1,0.089256
1,0.089262
1,0.089267
1,0.089268
1,0.089272
1,0.089276
1,0.089279
1,0.089282
1,0.089286
1,0.089288
1,0.089292
1,0.089297
1,0.089301
1,0.089304
1,0.089306
1,0.089308
1,0.089311
1,0.089313
1,0.089314
1,0.089316
1,0.089317
1,0.089318
1,0.089319
1,0.089322
1,0.089324
1,0.089326
1,0.089328
1,0.089329
1,0.089332
1,0.089335
1,0.089335
1,0.089336
1,0.089338
1,0.089339
1,0.089339
1,0.08934
1,0.089342
1,0.089342
1,0.089343
1,0.089344
1,0.089345
1,0.089345
1,0.089347
1,0.089347
1,0.089348
1,0.089349
1,0.089351
1,0.089351
1,0.089351
1,0.089352
1,0.089352
1,0.089353
1,0.089355
1,0.089356
1,0.089356
1,0.089357
1,0.089358
1,0.089359
1,0.089359
1,0.08936
1,0.089361
1,0.089362
1,0.089364
1,0.089364
1,0.089366
1,0.089367
1,0.089369
1,0.089371
1,0.089373
1,0.089375
1,0.089377
1,0.089379
1,0.089381
1,0.089384
1,0.089387
1,0.08939
1,0.089391
1,0.089394
1,0.089395
1,0.089397
1,0.089399
1,0.089402
1,0.089404
1,0.089405
1,0.089405
1,0.089406
1,0.089406
1,0.089408
1,0.089408
1,0.089408
1,0.089409
1,0.089409
1,0.089411
1,0.089411
1,0.089411
1,0.089412
1,0.089412
1,0.089412
1,0.089412
1,0.089413
1,0.089413
1,0.089413
1,0.089414
1,0.089414
1,0.089414
1,0.089415
1,0.089415
1,0.089415
1,0.089416
1,0.089416
1,0.089417
1,0.089417
1,0.089418
1,0.089419
1,0.089419
1,0.08942
1,0.08942
1,0.08942
1,0.089421
1,0.089422
1,0.089422
1,0.089423
1,0.089423
1,0.089423
1,0.089423
1,0.089424
1,0.089424
1,0.089424
1,0.089425
1,0.089425
1,0.089426
1,0.089426
1,0.089427
1,0.089427
1,0.089428
1,0.089429
1,0.089429
1,0.08943
1,0.08943
1,0.08943
1,0.08943
1,0.089431
1,0.089431
1,0.089431
1,0.089432
1,0.089432
1,0.089433
1,0.089433
1,0.089434
1,0.089434
1,0.089435
1,0.089437
1,0.08944
1,0.089444
1,0.089449
1,0.089453
1,0.089459
1,0.089467
1,0.089472
1,0.089479
1,0.089485
1,0.089492
1,0.089499
1,0.089504
1,0.089508
1,0.089512
1,0.089516
1,0.08952
1,0.089522
1,0.089526
1,0.089529
1,0.089536
1,0.08954
1,0.089543
1,0.089548
1,0.089553
1,0.089559
1,0.089562
1,0.089565
1,0.08957
1,0.089571
1,0.089573
1,0.089574
1,0.089577
1,0.089578
1,0.089582
1,0.089585
1,0.089589
1,0.089591
1,0.089594
1,0.089597
1,0.089598
1,0.089601
1,0.089605
1,0.089608
1,0.089611
1,0.089614
1,0.089617
1,0.089617
1,0.08962
1,0.089623
1,0.089626
1,0.089627
1,0.089628
1,0.08963
1,0.089632
1,0.089634
1,0.089635
1,0.089637
1,0.089638
1,0.089639
1,0.08964
1,0.089641
1,0.089642
1,0.089644
1,0.089645
1,0.089646
1,0.089647
1,0.089649
1,0.089651
1,0.089651
1,0.089653
1,0.089654
1,0.089656
1,0.089657
1,0.08966
1,0.089661
1,0.089662
1,0.089664
1,0.089665
1,0.089669
1,0.089669
1,0.08967
1,0.089672
1,0.089673
1,0.089674
1,0.089676
1,0.089678
1,0.089681
1,0.089684
1,0.089684
1,0.089687
1,0.089688
1,0.08969
1,0.089692
1,0.089693
1,0.089696
1,0.089699
1,0.089701
1,0.089702
1,0.089704
1,0.089704
1,0.089705
1,0.089706
1,0.089706
1,0.089708
1,0.089709
1,0.08971
1,0.089711
1,0.089711
1,0.089712
1,0.089713
1,0.089714
1,0.089714
1,0.089715
1,0.089715
1,0.089715
1,0.089716
1,0.089716
1,0.089717
1,0.089717
1,0.089717
1,0.089718
1,0.089718
1,0.089718
1,0.089719
1,0.08972
1,0.08972
1,0.08972
1,0.089721
1,0.089721
1,0.089722
1,0.089722
1,0.089723
1,0.089723
1,0.089724
1,0.089725
1,0.089725
1,0.089726
1,0.089727
1,0.089727
1,0.089727
1,0.089728
1,0.089728
1,0.089728
1,0.089729
1,0.089729
1,0.089729
1,0.08973
1,0.08973
1,0.08973
1,0.089731
1,0.089731
1,0.089731
1,0.089732
1,0.089733
1,0.089733
1,0.089733
1,0.089734
1,0.089734
1,0.089735
1,0.089735
1,0.089736
1,0.089736
1,0.089737
1,0.089737
1,0.089737
1,0.089738
1,0.089738
1,0.089738
1,0.089739
1,0.08974
1,0.08974
1,0.089741
1,0.089741
1,0.089741
1,0.089742
1,0.089743
1,0.089744
1,0.089747
1,0.08975
1,0.089754
1,0.089759
1,0.089761
1,0.089766
1,0.089774
1,0.089782
1,0.089789
1,0.0898
1,0.089806
1,0.089815
1,0.089822
1,0.089831
1,0.089834
1,0.089837
1,0.089843
1,0.089848
1,0.089854
1,0.089858
1,0.089865
1,0.089871
1,0.089876
1,0.089884
1,0.089892
1,0.0899
1,0.089907
1,0.089912
1,0.089919
1,0.089925
1,0.089928
1,0.089933
1,0.089935
1,0.089936
1,0.08994
1,0.089944
1,0.089947
1,0.089951
1,0.089956
1,0.08996
1,0.089965
1,0.089968
1,0.089974
1,0.089979
1,0.089984
1,0.089987
1,0.08999
1,0.089994
1,0.089997
1,0.090002
1,0.090005
1,0.090008
1,0.09001
1,0.090012
1,0.090013
1,0.090015
1,0.090017
1,0.09002
1,0.090022
1,0.090023
1,0.090026
1,0.090027
1,0.090029
1,0.090031
1,0.090033
1,0.090035
1,0.090037
1,0.090039
1,0.09004
1,0.090043
1,0.090045
1,0.090048
1,0.09005
1,0.090052
1,0.090052
1,0.090054
1,0.090055
1,0.090057
1,0.090057
1,0.09006
1,0.090062
1,0.090063
1,0.090066
1,0.090067
1,0.090068
1,0.090071
1,0.090075
1,0.090078
1,0.090078
1,0.090079
1,0.090081
1,0.090082
1,0.090082
1,0.090084
1,0.090084
1,0.090087
1,0.090088
1,0.090089
1,0.090089
1,0.090091
1,0.090092
1,0.090093
1,0.090094
1,0.090095
1,0.090095
1,0.090096
1,0.090096
1,0.090097
1,0.090099
1,0.090099
1,0.0901
1,0.090101
1,0.090102
1,0.090102
1,0.090102
1,0.090103
1,0.090104
1,0.090105
1,0.090105
1,0.090105
1,0.090106
1,0.090106
1,0.090106
1,0.090107
1,0.090107
1,0.090108
1,0.090108
1,0.090109
1,0.090109
1,0.09011
1,0.090111
1,0.090111
1,0.090111
1,0.090112
1,0.090112
1,0.090113
1,0.090113
1,0.090114
1,0.090115
1,0.090116
1,0.090118
1,0.090118
1,0.090119
1,0.09012
1,0.09012
1,0.090121
1,0.090122
1,0.090123
1,0.090124
1,0.090124
1,0.090125
1,0.090126
1,0.090127
1,0.090128
1,0.090128
1,0.090129
1,0.090129
1,0.090129
1,0.09013
1,0.09013
1,0.090131
1,0.090132
1,0.090133
1,0.090133
1,0.090134
1,0.090135
1,0.090135
1,0.090136
1,0.090136
1,0.090137
1,0.090137
1,0.090137
1,0.090138
1,0.090138
1,0.090139
1,0.090139
1,0.090141
1,0.090141
1,0.090142
1,0.090144
1,0.090147
1,0.090151
1,0.090156
1,0.090163
1,0.09017
1,0.090175
1,0.090185
1,0.090193
1,0.090205
1,0.090217
1,0.090223
1,0.090229
1,0.090237
1,0.090245
1,0.090253
1,0.090261
1,0.090271
1,0.090281
1,0.09029
1,0.090298
1,0.090302
1,0.09031
1,0.090317
1,0.090326
1,0.090333
1,0.090342
1,0.090351
1,0.090357
1,0.090361
1,0.090365
1,0.090371
1,0.090374
1,0.090378
1,0.090383
1,0.09039
1,0.090395
1,0.090399
1,0.090404
1,0.090408
1,0.090413
1,0.090418
1,0.090422
1,0.090427
1,0.090432
1,0.090436
1,0.09044
1,0.090443
1,0.090446
1,0.090449
1,0.090452
1,0.090454
1,0.090455
1,0.090456
1,0.090459
1,0.090462
1,0.090465
1,0.090467
1,0.090467
1,0.090469
1,0.09047
1,0.090471
1,0.090472
1,0.090472
1,0.090474
1,0.090476
1,0.090477
1,0.09048
1,0.09048
1,0.090481
1,0.090482
1,0.090484
1,0.090485
1,0.090488
1,0.09049
1,0.090493
1,0.090495
1,0.090499
1,0.0905
1,0.090502
1,0.090504
1,0.090506
1,0.090507
1,0.090511
1,0.090513
1,0.090516
1,0.090518
1,0.09052
1,0.090521
1,0.090523
1,0.090524
1,0.090525
1,0.090527
1,0.09053
1,0.090531
1,0.090532
1,0.090533
1,0.090534
1,0.090535
1,0.090536
1,0.090536
1,0.090536
1,0.090537
1,0.090537
1,0.090537
1,0.090538
1,0.090538
1,0.090538
1,0.090539
1,0.090539
1,0.090539
1,0.09054
1,0.09054
1,0.09054
1,0.090541
1,0.090541
1,0.090542
1,0.090543
1,0.090543
1,0.090544
1,0.090544
1,0.090545
1,0.090546
1,0.090547
1,0.090547
1,0.090548
1,0.090549
1,0.090549
1,0.09055
1,0.09055
1,0.090551
1,0.090552
1,0.090553
1,0.090554
1,0.090554
1,0.090555
1,0.090556
1,0.090556
1,0.090557
1,0.090558
1,0.090559
1,0.090559
1,0.09056
1,0.090561
1,0.090564
1,0.090565
1,0.090566
1,0.090567
1,0.090568
1,0.090569
1,0.090571
1,0.090571
1,0.090572
1,0.090572
1,0.090573
1,0.090574
1,0.090575
1,0.090576
1,0.090576
1,0.090577
1,0.090577
1,0.090577
1,0.090578
1,0.090578
1,0.090579
1,0.090579
1,0.09058
1,0.09058
1,0.09058
1,0.090581
1,0.090581
1,0.090581
1,0.090582
1,0.090582
1,0.090582
1,0.090583
1,0.090583
1,0.090583
1,0.090585
1,0.090585
1,0.090586
1,0.090587
1,0.09059
1,0.090593
1,0.0906
1,0.090611
1,0.090623
1,0.090636
1,0.090652
1,0.090665
1,0.090678
1,0.090693
1,0.090708
1,0.090721
1,0.090736
1,0.090746
1,0.090757
1,0.090765
1,0.090777
1,0.090788
1,0.090796
1,0.090806
1,0.090815
1,0.090826
1,0.090835
1,0.090842
1,0.090853
1,0.090859
1,0.09086
1,0.09086
1,0.090869
1,0.090878
1,0.090885
1,0.090894
1,0.0909
1,0.090907
1,0.090915
1,0.090921
1,0.090928
1,0.090937
1,0.090944
1,0.090945
1,0.090948
1,0.090952
1,0.090956
1,0.090959
1,0.090963
1,0.090968
1,0.09097
1,0.090974
1,0.090977
1,0.090981
1,0.090984
1,0.090986
1,0.090989
1,0.090992
1,0.090994
1,0.090995
1,0.090998
1,0.091001
1,0.091002
1,0.091005
1,0.091007
1,0.091008
1,0.091012
1,0.091014
1,0.091017
1,0.091019
1,0.091022
1,0.091026
1,0.091029
1,0.09103
1,0.09103
1,0.091033
1,0.091035
1,0.091037
1,0.091039
1,0.091041
1,0.091046
1,0.091047
1,0.091049
1,0.091053
1,0.091054
1,0.091055
1,0.091056
1,0.091059
1,0.091061
1,0.091064
1,0.091066
1,0.091069
1,0.091072
1,0.091073
1,0.091076
1,0.091077
1,0.091078
1,0.091079
1,0.091081
1,0.091082
1,0.091082
1,0.091083
1,0.091084
1,0.091085
1,0.091085
1,0.091086
1,0.091086
1,0.091086
1,0.091086
1,0.091087
1,0.091087
1,0.091087
1,0.091088
1,0.091088
1,0.091088
1,0.091089
1,0.091089
1,0.091089
1,0.09109
1,0.09109
1,0.09109
1,0.091091
1,0.091091
1,0.091092
1,0.091094
1,0.091096
1,0.091096
1,0.091097
1,0.091098
1,0.091099
1,0.091099
1,0.0911
1,0.091102
1,0.091103
1,0.091103
1,0.091104
1,0.091105
1,0.091105
1,0.091106
1,0.091107
1,0.09111
1,0.091111
1,0.091113
1,0.091113
1,0.091114
1,0.091115
1,0.091115
1,0.091116
1,0.091117
1,0.091118
1,0.091119
1,0.09112
1,0.091121
1,0.091122
1,0.091122
1,0.091124
1,0.091126
1,0.091126
1,0.091128
1,0.091131
1,0.091133
1,0.091135
1,0.091137
1,0.091139
1,0.09114
1,0.091141
1,0.091142
1,0.091143
1,0.091144
1,0.091144
1,0.091145
1,0.091147
1,0.091148
1,0.091149
1,0.091149
1,0.09115
1,0.09115
1,0.09115
1,0.091151
1,0.091151
1,0.091152
1,0.091153
1,0.091153
1,0.091153
1,0.091154
1,0.091154
1,0.091155
1,0.091156
1,0.091156
1,0.091157
1,0.091159
1,0.09116
1,0.091164
1,0.091167
1,0.091173
1,0.09118
1,0.091194
1,0.091208
1,0.09123
1,0.09125
1,0.091272
1,0.09129
1,0.091307
1,0.091324
1,0.091343
1,0.091359
1,0.091377
1,0.091392
1,0.091404
1,0.091415
1,0.09143
1,0.091448
1,0.091462
1,0.091475
1,0.091485
1,0.091499
1,0.091514
1,0.091522
1,0.091532
1,0.091542
1,0.09155
1,0.091559
1,0.091568
1,0.091575
1,0.091582
1,0.091591
1,0.091592
1,0.091599
1,0.091611
1,0.09162
1,0.091627
1,0.091636
1,0.091644
1,0.091647
1,0.091653
1,0.09166
1,0.091664
1,0.091668
1,0.091671
1,0.091674
1,0.091677
1,0.091681
1,0.091685
1,0.091686
1,0.091687
1,0.09169
1,0.091691
1,0.091694
1,0.091697
1,0.091701
1,0.091704
1,0.091708
1,0.09171
1,0.091713
1,0.091717
1,0.091719
1,0.091721
1,0.091727
1,0.091729
1,0.091733
1,0.091739
1,0.091742
1,0.091746
1,0.091749
1,0.091754
1,0.091756
1,0.091756
1,0.091759
1,0.091762
1,0.091765
1,0.09177
1,0.091772
1,0.091772
1,0.091775
1,0.091777
1,0.091777
1,0.091778
1,0.091779
1,0.09178
1,0.091782
1,0.091783
1,0.091784
1,0.091784
1,0.091785
1,0.091785
1,0.091786
1,0.091787
1,0.091788
1,0.091788
1,0.091789
1,0.091789
1,0.09179
1,0.09179
1,0.091791
1,0.091791
1,0.091792
1,0.091792
1,0.091793
1,0.091793
1,0.091794
1,0.091794
1,0.091795
1,0.091796
1,0.091797
1,0.091798
1,0.091798
1,0.091799
1,0.091799
1,0.0918
1,0.0918
1,0.091801
1,0.091801
1,0.091802
1,0.091802
1,0.091802
1,0.091803
1,0.091803
1,0.091803
1,0.091804
1,0.091804
1,0.091804
1,0.091804
1,0.091805
1,0.091807
1,0.091807
1,0.091808
1,0.091809
1,0.09181
1,0.091811
1,0.091811
1,0.091813
1,0.091816
1,0.091816
1,0.091818
1,0.091819
1,0.09182
1,0.09182
1,0.091821
1,0.091821
1,0.091822
1,0.091823
1,0.091825
1,0.091826
1,0.091826
1,0.091828
1,0.09183
1,0.091831
1,0.091831
1,0.091833
1,0.091834
1,0.091836
1,0.091838
1,0.091842
1,0.091842
1,0.091844
1,0.091846
1,0.091847
1,0.091848
1,0.091849
1,0.09185
1,0.091851
1,0.091851
1,0.091854
1,0.091855
1,0.091856
1,0.091857
1,0.091858
1,0.091859
1,0.09186
1,0.091863
1,0.091864
1,0.091865
1,0.091865
1,0.091866
1,0.091867
1,0.091868
1,0.091869
1,0.091869
1,0.09187
1,0.091871
1,0.091872
1,0.091874
1,0.091875
1,0.091875
1,0.091876
1,0.091877
1,0.091877
1,0.091878
1,0.091879
1,0.091879
1,0.091881
1,0.091881
1,0.091881
1,0.091882
1,0.091882
1,0.091883
1,0.091883
1,0.091884
1,0.091884
1,0.091884
1,0.091885
1,0.091885
1,0.091885
1,0.091886
1,0.091886
1,0.091887
1,0.091887
1,0.091888
1,0.091889
1,0.09189
1,0.091892
1,0.091895
1,0.091898
1,0.091901
1,0.091903
1,0.091907
1,0.09192
1,0.091932
1,0.091947
1,0.091971
1,0.091991
1,0.092019
1,0.092046
1,0.092071
1,0.092097
1,0.092118
1,0.092138
1,0.092161
1,0.092182
1,0.092207
1,0.092223
1,0.09224
1,0.092256
1,0.092276
1,0.092277
1,0.092284
1,0.092291
1,0.092313
1,0.092326
1,0.092343
1,0.092357
1,0.09237
1,0.092384
1,0.092401
1,0.092415
1,0.092425
1,0.092438
1,0.09245
1,0.092459
1,0.092469
1,0.092481
1,0.09249
1,0.092497
1,0.092498
1,0.092504
1,0.092509
1,0.092511
1,0.092516
1,0.092523
1,0.092529
1,0.092533
1,0.092538
1,0.092541
1,0.092545
1,0.092549
1,0.09255
1,0.092553
1,0.092556
1,0.092559
1,0.092563
1,0.092566
1,0.09257
1,0.092573
1,0.092577
1,0.092579
1,0.092581
1,0.092586
1,0.092591
1,0.092596
1,0.092599
1,0.092605
1,0.092609
1,0.092613
1,0.092617
1,0.092619
1,0.09262
1,0.092626
1,0.092631
1,0.092634
1,0.092637
1,0.09264
1,0.092642
1,0.092642
1,0.092646
1,0.092649
1,0.092651
1,0.092654
1,0.092657
1,0.092658
1,0.092659
1,0.09266
1,0.092662
1,0.092662
1,0.092664
1,0.092665
1,0.092665
1,0.092666
1,0.092667
1,0.092668
1,0.092668
1,0.09267
1,0.092671
1,0.092671
1,0.092672
1,0.092673
1,0.092673
1,0.092674
1,0.092674
1,0.092675
1,0.092675
1,0.092676
1,0.092678
1,0.092678
1,0.092679
1,0.092679
1,0.09268
1,0.092681
1,0.092681
1,0.092682
1,0.092682
1,0.092682
1,0.092683
1,0.092683
1,0.092684
1,0.092685
1,0.092685
1,0.092686
1,0.092686
1,0.092686
1,0.092687
1,0.092687
1,0.092687
1,0.092688
1,0.092688
1,0.092688
1,0.092689
1,0.09269
1,0.09269
1,0.092691
1,0.092691
1,0.092691
1,0.092692
1,0.092692
1,0.092693
1,0.092694
1,0.092696
1,0.092696
1,0.092697
1,0.092698
1,0.092698
1,0.0927
1,0.092701
1,0.092703
1,0.092703
1,0.092705
1,0.092706
1,0.092706
1,0.092708
1,0.09271
1,0.092712
1,0.092714
1,0.092717
1,0.092721
1,0.092721
1,0.092722
1,0.092723
1,0.092727
1,0.092728
1,0.092732
1,0.092733
1,0.092735
1,0.092737
1,0.092738
1,0.09274
1,0.092743
1,0.092744
1,0.092748
1,0.092752
1,0.092752
1,0.092754
1,0.092755
1,0.092758
1,0.092761
1,0.092761
1,0.092762
1,0.092764
1,0.092764
1,0.092767
1,0.09277
1,0.09277
1,0.092775
1,0.092777
1,0.092777
1,0.092778
1,0.092779
1,0.092781
1,0.092783
1,0.092784
1,0.092785
1,0.092786
1,0.092787
1,0.092788
1,0.09279
1,0.09279
1,0.092791
1,0.092792
1,0.092793
1,0.092794
1,0.092795
1,0.092796
1,0.092797
1,0.092798
1,0.092799
1,0.092799
1,0.0928
1,0.0928
1,0.092801
1,0.092801
1,0.092801
1,0.092802
1,0.092811
1,0.092821
1,0.092828
1,0.092838
1,0.092842
1,0.092845
1,0.092867
1,0.09287
1,0.092903
1,0.092905
1,0.092932
1,0.092933
1,0.092934
1,0.092968
1,0.092969
1,0.093002
1,0.093037
1,0.093038
1,0.093068
1,0.093101
1,0.093102
1,0.093128
1,0.093152
1,0.09318
1,0.093202
1,0.093232
1,0.093251
1,0.093271
1,0.093294
1,0.093317
1,0.093338
1,0.093357
1,0.093379
1,0.093396
1,0.093406
1,0.093414
1,0.093432
1,0.093448
1,0.093462
1,0.093475
1,0.093488
1,0.093501
1,0.093514
1,0.093522
1,0.093523
1,0.093532
1,0.093538
1,0.093542
1,0.093548
1,0.093554
1,0.093558
1,0.093563
1,0.093567
1,0.093573
1,0.093576
1,0.093579
1,0.093582
1,0.093585
1,0.093588
1,0.093592
1,0.093597
1,0.093601
1,0.093604
1,0.093611
1,0.093615
1,0.09362
1,0.093627
1,0.093632
1,0.093636
1,0.093642
1,0.093651
1,0.093655
1,0.093661
1,0.093667
1,0.093671
1,0.093674
1,0.093679
1,0.093683
1,0.093685
1,0.093688
1,0.093691
1,0.093695
1,0.093696
1,0.093698
1,0.0937
1,0.093702
1,0.093703
1,0.093707
1,0.093709
1,0.09371
1,0.093711
1,0.093712
1,0.093714
1,0.093715
1,0.093716
1,0.093717
1,0.093719
1,0.093721
1,0.093723
1,0.093723
1,0.093724
1,0.093728
1,0.093729
1,0.09373
1,0.093732
1,0.093733
1,0.093735
1,0.093737
1,0.093739
1,0.09374
1,0.093742
1,0.093743
1,0.093745
1,0.093745
1,0.093746
1,0.093746
1,0.093747
1,0.093749
1,0.09375
1,0.093751
1,0.093751
1,0.093752
1,0.093752
1,0.093753
1,0.093754
1,0.093755
1,0.093755
1,0.093756
1,0.093756
1,0.093757
1,0.093757
1,0.093758
1,0.093758
1,0.093759
1,0.093759
1,0.093759
1,0.09376
1,0.093761
1,0.093761
1,0.093762
1,0.093763
1,0.093764
1,0.093764
1,0.093766
1,0.093768
1,0.09377
1,0.093771
1,0.093772
1,0.093773
1,0.093776
1,0.093779
1,0.093781
1,0.093782
1,0.093785
1,0.093788
1,0.093792
1,0.093794
1,0.093798
1,0.093799
1,0.093804
1,0.093809
1,0.093809
1,0.093814
1,0.093818
1,0.093825
1,0.093829
1,0.09383
1,0.093833
1,0.093833
1,0.093839
1,0.09384
1,0.093845
1,0.093845
1,0.093846
1,0.093854
1,0.093857
1,0.093858
1,0.093861
1,0.093866
1,0.093866
1,0.093868
1,0.093871
1,0.093874
1,0.093877
1,0.093879
1,0.093881
1,0.093884
1,0.093884
1,0.093888
1,0.093889
1,0.093889
1,0.093889
1,0.093891
1,0.093893
1,0.093893
1,0.093895
1,0.093897
1,0.093897
1,0.093898
1,0.093899
1,0.0939
1,0.093901
1,0.093901
1,0.093902
1,0.093902
1,0.093903
1,0.093903
1,0.093904
1,0.093904
1,0.093905
1,0.093906
1,0.093906
1,0.093906
1,0.093907
1,0.093907
0.999962,0.093904
0.999962,0.093946
0.999962,0.093993
0.999962,0.093997
0.999962,0.094036
0.999962,0.094037
0.999962,0.094077
0.999962,0.094104
0.999962,0.094152
0.999962,0.094169
0.999962,0.094175
0.999962,0.094213
0.999962,0.094215
0.999962,0.094232
0.999962,0.094265
0.999962,0.094274
0.999962,0.09431
0.999962,0.094315
0.999962,0.094344
0.999962,0.094347
0.999962,0.094373
0.999962,0.094376
0.999962,0.094403
0.999962,0.094406
0.999962,0.094436
0.999962,0.094438
0.999962,0.094465
0.999962,0.094466
0.999962,0.094468
0.999962,0.094493
0.999962,0.094494
0.999962,0.094518
0.999962,0.09454
0.999962,0.09454
0.999962,0.094558
0.999962,0.094578
0.999962,0.094582
0.999962,0.094603
0.999962,0.094624
0.999962,0.094638
0.999962,0.094639
0.999962,0.094652
0.999962,0.094652
0.999962,0.094655
0.999962,0.094661
0.999962,0.094673
0.999962,0.094684
0.999962,0.094692
0.999962,0.0947
0.999962,0.094705
0.999962,0.094713
0.999962,0.094719
0.999962,0.094726
0.999962,0.094729
0.999962,0.094736
0.999962,0.094736
0.999962,0.09474
0.999962,0.094744
0.999962,0.094748
0.999962,0.094751
0.999962,0.094758
0.999962,0.094764
0.999962,0.09477
0.999962,0.094778
0.999962,0.094782
0.999962,0.094789
0.999962,0.094797
0.999962,0.094805
0.999962,0.094814
0.999962,0.094824
0.999962,0.094831
0.999962,0.094841
0.999962,0.094847
0.999962,0.094854
0.999962,0.094855
0.999962,0.094868
0.999962,0.094873
0.999962,0.094878
0.999962,0.094885
0.999962,0.09489
0.999962,0.094895
0.999962,0.094902
0.999962,0.094908
0.999962,0.094913
0.999962,0.094914
0.999962,0.094915
0.999962,0.094918
0.999962,0.09492
0.999962,0.094923
0.999962,0.094928
0.999962,0.09493
0.999962,0.094934
0.999962,0.094938
0.999962,0.094943
0.999962,0.094947
0.999962,0.094951
0.999962,0.094953
0.999962,0.094958
0.999962,0.094961
0.999962,0.094965
0.999924,0.094962
0.999924,0.094966
0.999924,0.09497
0.999924,0.094975
0.999924,0.094981
0.999924,0.094985
0.999924,0.094988
0.999924,0.09499
0.999924,0.094993
0.999924,0.094996
0.999924,0.095
0.999924,0.095005
0.999924,0.095006
0.999924,0.095009
0.999924,0.095012
0.999924,0.095013
0.999924,0.095014
0.999924,0.095015
0.999924,0.095018
0.999924,0.095019
0.999924,0.095021
0.999924,0.095022
0.999924,0.095022
0.999924,0.095023
0.999924,0.095024
0.999924,0.095024
0.999924,0.095025
0.999924,0.095026
0.999924,0.095027
0.999924,0.095027
0.999924,0.095027
0.999924,0.095028
0.999924,0.095028
0.999885,0.095025
0.999885,0.095026
0.999885,0.095026
0.999885,0.095028
0.999885,0.095028
0.999885,0.095029
0.999885,0.095029
0.999885,0.095031
0.999885,0.095031
0.999885,0.095032
0.999885,0.095032
0.999885,0.095034
0.999885,0.095034
0.999885,0.095035
0.999885,0.095036
0.999885,0.095037
0.999885,0.095038
0.999885,0.095039
0.999885,0.09504
0.999885,0.095041
0.999885,0.095041
0.999885,0.095043
0.999885,0.095045
0.999885,0.095046
0.999885,0.095047
0.999885,0.095049
0.999885,0.095051
0.999885,0.095054
0.999885,0.095057
0.999885,0.095058
0.999885,0.095063
0.999885,0.095066
0.999885,0.09507
0.999885,0.095073
0.999885,0.095073
0.999885,0.095077
0.999885,0.095084
0.999885,0.095085
0.999885,0.095091
0.999885,0.095092
0.999885,0.095092
0.999885,0.095098
0.999885,0.095098
0.999885,0.095101
0.999885,0.095102
0.999885,0.095103
0.999885,0.095107
0.999885,0.09511
0.999885,0.095112
0.999885,0.095114
0.999885,0.095118
0.999885,0.095119
0.999885,0.09512
0.999885,0.095125
0.999885,0.095128
0.999885,0.095133
0.999885,0.095138
0.999885,0.09514
0.999885,0.095142
0.999885,0.095147
0.999885,0.095154
0.999885,0.095155
0.999885,0.095156
0.999885,0.095157
0.999885,0.095163
0.999885,0.095167
0.999885,0.095168
0.999885,0.095172
0.999885,0.095173
0.999885,0.095173
0.999885,0.095177
0.999885,0.095182
0.999885,0.095182
0.999885,0.095184
0.999885,0.095185
0.999885,0.095188
0.999885,0.09519
0.999885,0.095192
0.999885,0.095194
0.999885,0.095196
0.999885,0.095197
0.999885,0.095198
0.999885,0.095198
0.999885,0.0952
0.999885,0.0952
0.999885,0.095201
0.999885,0.095202
0.999885,0.095202
0.999885,0.095203
0.999885,0.095203
0.999885,0.095205
0.999885,0.095206
0.999885,0.095206
0.999885,0.095207
0.999885,0.095207
0.999885,0.095207
0.999885,0.095208
0.999885,0.095209
0.999885,0.09521
0.999885,0.09521
0.999885,0.09521
0.999885,0.095211
0.999885,0.095211
0.999885,0.095263
0.999885,0.095326
0.999885,0.095329
0.999885,0.095375
0.999885,0.095435
0.999885,0.095468
0.999885,0.095469
0.999885,0.095537
0.999885,0.095562
0.999885,0.09558
0.999885,0.095638
0.999885,0.095672
0.999885,0.095728
0.999885,0.095761
0.999885,0.095765
0.999885,0.095806
0.999885,0.095832
0.999885,0.095839
0.999885,0.095874
0.999885,0.095904
0.999885,0.095904
0.999885,0.095929
0.999885,0.095956
0.999885,0.095977
0.999885,0.096003
0.999885,0.096004
0.999885,0.096015
0.999885,0.096035
0.999885,0.09604
0.999885,0.096059
0.999885,0.096062
0.999885,0.096083
0.999885,0.096084
0.999885,0.096085
0.999885,0.0961
0.999885,0.096102
0.999885,0.096119
0.999885,0.096121
0.999885,0.096124
0.999885,0.096135
0.999885,0.096147
0.999885,0.096148
0.999885,0.096153
0.999885,0.096154
0.999885,0.096166
0.999885,0.096167
0.999885,0.096175
0.999885,0.096181
0.999885,0.09619
0.999885,0.09619
0.999885,0.096194
0.999885,0.096199
0.999885,0.096205
0.999885,0.096211
0.999885,0.096217
0.999885,0.096229
0.999885,0.096238
0.999885,0.096246
0.999885,0.096254
0.999885,0.096263
0.999885,0.096276
0.999885,0.096276
0.999885,0.096286
0.999885,0.096297
0.999885,0.096309
0.999885,0.096322
0.999885,0.096336
0.999885,0.096346
0.999885,0.096359
0.999885,0.09637
0.999885,0.09638
0.999885,0.096389
0.999885,0.09639
0.999885,0.096396
0.999885,0.096398
0.999885,0.096406
0.999885,0.096414
0.999885,0.096423
0.999885,0.096427
0.999885,0.096428
0.999885,0.096434
0.999885,0.096441
0.999885,0.096445
0.999885,0.096448
0.999885,0.096455
0.999885,0.096461
0.999885,0.096466
0.999885,0.096473
0.999885,0.096475
0.999885,0.096478
0.999885,0.096485
0.999885,0.096492
0.999885,0.096497
0.999885,0.096504
0.999885,0.096507
0.999885,0.096516
0.999885,0.096525
0.999885,0.096532
0.999847,0.096529
0.999809,0.096525
0.999809,0.096533
0.999809,0.096533
0.999809,0.096539
0.999809,0.096543
0.999809,0.096546
0.999809,0.096547
0.999809,0.096555
0.999809,0.096556
0.999809,0.096565
0.999809,0.096571
0.999809,0.096578
0.999809,0.096584
0.999809,0.096586
0.999809,0.096587
0.999809,0.096592
0.999809,0.096599
0.999809,0.096603
0.999809,0.096606
0.999809,0.096609
0.999809,0.096613
0.999809,0.096614
0.999809,0.096614
0.999809,0.096617
0.999809,0.096619
0.999809,0.096621
0.999809,0.096623
0.999809,0.096623
0.999809,0.096624
0.999809,0.096626
0.999809,0.096626
0.999809,0.096627
0.999809,0.096628
0.999809,0.096629
0.999809,0.09663
0.999809,0.096632
0.999809,0.096632
0.999771,0.096629
0.999771,0.096631
0.999771,0.096631
0.999771,0.096633
0.999771,0.096633
0.999732,0.09663
0.999732,0.09663
0.999732,0.096631
0.999732,0.096635
0.999732,0.096638
0.999732,0.096641
0.999732,0.096642
0.999732,0.096643
0.999732,0.096644
0.999732,0.096648
0.999732,0.096649
0.999732,0.096653
0.999732,0.09666
0.999732,0.09666
0.999694,0.096657
0.999694,0.096663
0.999694,0.096669
0.999694,0.096671
0.999694,0.09668
0.999694,0.096688
0.999656,0.096685
0.999618,0.096681
0.999618,0.096688
0.999618,0.096695
0.999618,0.096697
0.999618,0.096702
0.999618,0.096705
0.999618,0.096707
0.999618,0.096709
0.999618,0.096716
0.999618,0.096725
0.999618,0.096732
0.999618,0.096734
0.999618,0.096738
0.999618,0.096749
0.999618,0.09675
0.999618,0.096758
0.999618,0.096767
0.999618,0.096768
0.999618,0.096771
0.999618,0.096772
0.999618,0.096778
0.999618,0.096783
0.999618,0.096785
0.999618,0.096789
0.999618,0.096793
0.999618,0.096793
0.999618,0.096797
0.999618,0.096798
0.999618,0.096802
0.999618,0.096803
0.999579,0.0968
0.999579,0.0968
0.999579,0.096807
0.999579,0.096808
0.999579,0.096816
0.999579,0.096821
0.999579,0.096825
0.999579,0.096831
0.999579,0.096832
0.999541,0.096828
0.999541,0.096835
0.999541,0.096837
0.999541,0.096838
0.999541,0.096841
0.999503,0.096837
0.999503,0.096838
0.999503,0.09684
0.999465,0.096836
0.999465,0.096837
0.999465,0.096839
0.999465,0.09684
0.999465,0.096842
0.999465,0.096844
0.999465,0.096844
0.999465,0.096845
0.999465,0.096846
0.999465,0.096847
0.999465,0.096849
0.999465,0.096849
0.999465,0.09685
0.999465,0.09685
0.999465,0.096851
0.999465,0.096851
0.999465,0.096852
0.999465,0.096852
0.999465,0.096853
0.999465,0.096907
0.999465,0.09695
0.999465,0.097006
0.999465,0.097047
0.999465,0.097116
0.999465,0.097122
0.999465,0.097146
0.999465,0.097215
0.999465,0.097229
0.999465,0.097265
0.999465,0.09736
0.999465,0.097392
0.999465,0.097486
0.999465,0.097518
0.999465,0.097621
0.999465,0.097649
0.999465,0.09774
0.999465,0.097765
0.999426,0.097762
0.999426,0.097844
0.999426,0.097867
0.999426,0.097924
0.999426,0.097938
0.999426,0.097949
0.999426,0.097974
0.999426,0.097989
0.999426,0.098012
0.999426,0.098023
0.999426,0.098023
0.999426,0.098038
0.999426,0.098049
0.999426,0.09805
0.999426,0.098059
0.999426,0.098068
0.999426,0.098072
0.999426,0.098083
0.999426,0.098085
0.999426,0.098099
0.999426,0.098103
0.999426,0.098114
0.999426,0.098116
0.999426,0.09813
0.999426,0.098131
0.999426,0.098144
0.999426,0.098145
0.999426,0.098158
0.999426,0.098158
0.999426,0.098174
0.999426,0.098175
0.999426,0.098192
0.999426,0.098207
0.999426,0.098225
0.999426,0.09824
0.999426,0.098241
0.999426,0.098257
0.999426,0.098275
0.999426,0.098297
0.999426,0.098317
0.999426,0.09834
0.999426,0.098345
0.999426,0.098358
0.999426,0.098376
0.999426,0.098392
0.999426,0.09841
0.999426,0.098421
0.999426,0.098436
0.999426,0.098448
0.999426,0.098463
0.999426,0.098475
0.999426,0.098476
0.999388,0.098473
0.999388,0.098488
0.999388,0.0985
0.999388,0.09851
0.999388,0.098522
0.999388,0.098525
0.999388,0.098536
0.999388,0.098547
0.999388,0.09856
0.999388,0.098569
0.999388,0.098571
0.99935,0.098567
0.99935,0.098582
0.99935,0.098594
0.99935,0.098614
0.999312,0.09861
0.999312,0.098615
0.999312,0.098623
0.999312,0.09864
0.999312,0.098659
0.999312,0.098662
0.999312,0.098677
0.999312,0.098693
0.999312,0.098693
0.999312,0.098703
0.999312,0.098715
0.999312,0.098727
0.999312,0.098738
0.999273,0.098734
0.999273,0.098741
0.999273,0.098744
0.999273,0.098753
0.999273,0.098763
0.999273,0.09877
0.999273,0.098774
0.999235,0.098771
0.999235,0.098776
0.999235,0.098777
0.999235,0.098779
0.999235,0.09878
0.999235,0.098785
0.999235,0.098788
0.999235,0.098791
0.999235,0.098794
0.999235,0.098795
0.999235,0.098795
0.999235,0.098797
0.999235,0.098797
0.999235,0.0988
0.999235,0.098803
0.999235,0.098806
0.999235,0.098809
0.999235,0.098812
0.999235,0.098812
0.999235,0.098816
0.999235,0.098821
0.999235,0.098821
0.999235,0.09883
0.999235,0.09883
0.999235,0.098834
0.999235,0.098842
0.999235,0.098849
0.999235,0.098856
0.999235,0.098859
0.999235,0.098868
0.999235,0.098874
0.999235,0.098878
0.999235,0.098879
0.999235,0.098891
0.999235,0.098891
0.999235,0.0989
0.999235,0.098901
0.999197,0.098898
0.999197,0.098905
0.999197,0.09891
0.999197,0.098915
0.999197,0.098923
0.999197,0.098929
0.999197,0.098934
0.999197,0.098937
0.999197,0.098946
0.999197,0.098947
0.999197,0.098959
0.999197,0.09897
0.999197,0.098973
0.999197,0.098981
0.999197,0.098986
0.999159,0.098983
0.999159,0.098985
0.999159,0.098994
0.999159,0.099007
0.99912,0.099003
0.99912,0.099004
0.99912,0.099019
0.99912,0.099028
0.99912,0.099029
0.99912,0.099036
0.99912,0.09904
0.99912,0.099052
0.99912,0.099055
0.99912,0.099061
0.999082,0.099058
0.999082,0.099066
0.999082,0.099067
0.999082,0.099074
0.999082,0.099075
0.999082,0.099078
0.999082,0.099082
0.999082,0.099086
0.999082,0.099089
0.999082,0.099091
0.999082,0.099097
0.999082,0.099101
0.999044,0.099097
0.999044,0.099098
0.999044,0.0991
0.999044,0.099101
0.999044,0.099103
0.999044,0.099145
0.999044,0.099184
0.999044,0.099191
0.999044,0.099226
0.999044,0.099269
0.999044,0.099305
0.999044,0.099356
0.999044,0.099385
0.999044,0.099462
0.999044,0.099464
0.999044,0.099485
0.999044,0.099598
0.999044,0.099599
0.999044,0.099622
0.999044,0.099627
0.999044,0.099779
0.999044,0.099806
0.999044,0.099984
0.999044,0.099995
0.999044,0.10001
0.999044,0.100169
0.999044,0.100179
0.999044,0.100188
0.999044,0.100271
0.999044,0.100353
0.999044,0.100356
0.999044,0.100357
0.999044,0.100374
0.999044,0.100518
0.999044,0.100539
0.999044,0.100659
0.999044,0.100682
0.999044,0.100755
0.999044,0.100764
0.999044,0.10078
0.999044,0.100823
0.999044,0.100854
0.999044,0.100876
0.999044,0.100907
0.999044,0.100921
0.999006,0.100917
0.999006,0.100919
0.999006,0.100922
0.999006,0.100955
0.999006,0.100961
0.999006,0.100966
0.999006,0.100999
0.999006,0.101002
0.999006,0.101054
0.999006,0.101055
0.999006,0.101056
0.999006,0.101097
0.999006,0.101097
0.999006,0.101099
0.999006,0.101144
0.999006,0.101144
0.999006,0.101147
0.999006,0.101148
0.999006,0.101193
0.999006,0.101241
0.999006,0.101242
0.999006,0.101284
0.999006,0.101285
0.999006,0.101288
0.999006,0.101322
0.999006,0.101328
0.999006,0.101363
0.999006,0.10139
0.999006,0.101391
0.999006,0.101423
0.999006,0.101456
0.999006,0.101483
0.998967,0.101479
0.998967,0.101481
0.998967,0.101483
0.998967,0.101508
0.998967,0.101532
0.998967,0.101557
0.998967,0.101558
0.998967,0.101558
0.998967,0.101587
0.998929,0.101583
0.998853,0.101576
0.998853,0.101603
0.998853,0.101605
0.998853,0.101631
0.998853,0.101661
0.998853,0.10169
0.998853,0.101691
0.998853,0.101692
0.998853,0.101712
0.998853,0.10172
0.998853,0.10175
0.998853,0.10175
0.998853,0.101782
0.998853,0.101803
0.998853,0.101814
0.998853,0.101852
0.998814,0.101849
0.998814,0.101872
0.998814,0.101881
0.998814,0.101882
0.998814,0.101919
0.998814,0.101948
0.998776,0.101945
0.998776,0.101945
0.998738,0.101942
0.998738,0.101957
0.998738,0.101968
0.998738,0.101968
0.998738,0.102
0.9987,0.101996
0.998661,0.101993
0.998661,0.10201
0.998661,0.10202
0.998623,0.102016
0.998623,0.102017
0.998623,0.102035
0.998623,0.102052
0.998585,0.102048
0.998585,0.102058
0.998585,0.102063
0.998585,0.102069
0.998585,0.102082
0.998508,0.102075
0.998508,0.102075
0.99847,0.102072
0.99847,0.102081
0.99847,0.102085
0.99847,0.102085
0.99847,0.102098
0.998432,0.102095
0.998432,0.102101
0.998432,0.102102
0.998394,0.102098
0.998394,0.102104
0.998394,0.102108
0.998394,0.102108
0.998394,0.102113
0.998394,0.102121
0.998394,0.102122
0.998394,0.102128
0.998394,0.102128
0.998394,0.102136
0.998394,0.102136
0.998355,0.102133
0.998355,0.102142
0.998355,0.102142
0.998355,0.102146
0.998355,0.102153
0.998355,0.102153
0.998355,0.102165
0.998355,0.102166
0.998355,0.10217
0.998355,0.102181
0.998355,0.10219
0.998355,0.102191
0.998355,0.102206
0.998355,0.102206
0.998355,0.102215
0.998355,0.102223
0.998355,0.102226
0.998317,0.102223
0.998317,0.102223
0.998317,0.102241
0.998317,0.102241
0.998279,0.102238
0.998279,0.102245
0.998279,0.10226
0.998279,0.102261
0.998279,0.10228
0.998279,0.102282
0.998279,0.102283
0.998279,0.102298
0.998279,0.102302
0.998279,0.102303
0.998279,0.102323
0.998279,0.102327
0.998241,0.102323
0.998202,0.10232
0.998202,0.10232
0.998202,0.102321
0.998202,0.102339
0.998202,0.102349
0.998202,0.102355
0.998202,0.102371
0.998202,0.102372
0.998126,0.102365
0.998088,0.102361
0.998088,0.102383
0.998088,0.102406
0.998088,0.102457
0.998088,0.102522
0.998088,0.102555
0.998088,0.102563
0.998088,0.10262
0.998088,0.102659
0.998088,0.10268
0.998088,0.102767
0.998088,0.102808
0.998088,0.102817
0.998088,0.102911
0.998088,0.102955
0.998088,0.102959
0.998088,0.103085
0.998088,0.103131
0.998088,0.103321
0.998088,0.103373
0.998088,0.103374
0.998088,0.103631
0.998088,0.103656
0.998088,0.103697
0.998088,0.104035
0.998088,0.104113
0.998088,0.104459
0.998088,0.104559
0.998088,0.104884
0.998088,0.104988
0.998088,0.10499
0.998088,0.105008
0.998088,0.105231
0.998088,0.105331
0.998088,0.105491
0.998088,0.105588
0.998088,0.105676
0.998088,0.105781
0.998088,0.105826
0.998088,0.105933
0.998088,0.105933
0.998088,0.105956
0.998088,0.105977
0.998088,0.106058
0.998088,0.106082
0.998088,0.106095
0.998088,0.106196
0.998088,0.106203
0.998088,0.1063
0.998088,0.10632
0.998088,0.106323
0.998088,0.106329
0.998088,0.106417
0.998088,0.10642
0.998088,0.106498
0.998088,0.106501
0.998088,0.106502
0.998088,0.106514
0.998088,0.106519
0.998088,0.106519
0.998088,0.106599
0.998088,0.10665
0.998088,0.10667
0.998088,0.106672
0.998049,0.106668
0.998049,0.106743
0.998049,0.106748
0.998049,0.10676
0.998049,0.106832
0.998049,0.10691
0.998049,0.106911
0.998049,0.106914
0.998049,0.106935
0.998011,0.106932
0.998011,0.107004
0.997973,0.107001
0.997973,0.10707
0.997973,0.107077
0.997973,0.107089
0.997973,0.107089
0.997973,0.107164
0.997973,0.107165
0.997935,0.107161
0.997896,0.107157
0.997896,0.107161
0.997896,0.107237
0.997896,0.107238
0.997896,0.107252
0.997896,0.107255
0.997896,0.107282
0.997896,0.107331
0.997896,0.107331
0.997896,0.107407
0.997896,0.107415
0.997896,0.10742
0.997896,0.107492
0.997896,0.107565
0.997896,0.107579
0.997896,0.107643
0.997896,0.107644
0.997896,0.107648
0.997896,0.107652
0.997896,0.107708
0.997896,0.107708
0.997896,0.107773
0.997896,0.107785
0.997896,0.107834
0.997858,0.107831
0.997858,0.107832
0.997858,0.107837
0.997858,0.107838
0.997858,0.107845
0.997858,0.107889
0.99782,0.107885
0.99782,0.107921
0.997782,0.107917
0.997782,0.107921
0.997782,0.107923
0.997782,0.107923
0.997782,0.107952
0.997782,0.107959
0.997782,0.107962
0.997782,0.107967
0.997782,0.107968
0.997782,0.107972
0.997782,0.107997
0.997743,0.107993
0.997743,0.107993
0.997705,0.10799
0.997705,0.108008
0.997705,0.108017
0.997705,0.108019
0.997705,0.10802
0.997705,0.108024
0.997667,0.10802
0.997667,0.108024
0.997667,0.108055
0.997667,0.108058
0.997667,0.108087
0.997667,0.108088
0.997629,0.108084
0.99759,0.108081
0.99759,0.108099
0.99759,0.108108
0.99759,0.108108
0.99759,0.108112
0.99759,0.108122
0.99759,0.108137
0.99759,0.108137
0.997552,0.108134
0.997552,0.108136
0.997552,0.108136
0.997552,0.108166
0.997552,0.108167
0.997552,0.108168
0.997514,0.108164
0.997514,0.108171
0.997514,0.108199
0.997476,0.108195
0.997476,0.108355
0.997476,0.108355
0.997476,0.108513
0.997476,0.108525
0.997476,0.108687
0.997476,0.10884
0.997476,0.108888
0.997476,0.109022
0.997476,0.109163
0.997476,0.109376
0.997476,0.109498
0.997476,0.109568
0.997476,0.109612
0.997476,0.109813
0.997476,0.109859
0.997476,0.10986
0.997476,0.109861
0.997476,0.109861
0.997476,0.11016
0.997476,0.110454
0.997476,0.110886
0.997476,0.110889
0.997476,0.110918
0.997476,0.111185
0.997476,0.111786
0.997476,0.112093
0.997437,0.112089
0.997437,0.112104
0.997437,0.112837
0.997437,0.113161
0.997437,0.113185
0.997437,0.113194
0.997437,0.113936
0.997437,0.11425
0.997437,0.11425
0.997437,0.114251
0.997437,0.114697
0.997437,0.114896
0.997437,0.11492
0.997437,0.115212
0.997437,0.115603
0.997437,0.115607
0.997399,0.115603
0.997399,0.115861
0.997399,0.115915
0.997399,0.115926
0.997399,0.115959
0.997399,0.115961
0.997399,0.116177
0.997399,0.116182
0.997399,0.116497
0.997399,0.116498
0.997399,0.116622
0.997399,0.116888
0.997399,0.116889
0.997399,0.116891
0.997399,0.116928
0.997399,0.116948
0.997399,0.11699
0.997399,0.117042
0.997399,0.117249
0.997399,0.119802
0.997399,0.122924
0.997399,0.125277
0.997399,0.128985
0.997399,0.129017
0.997399,0.129017
0.997399,0.129032
0.997399,0.129305
0.997399,0.129314
0.997399,0.129371
0.997399,0.129393
0.997399,0.134795
0.997399,0.138549
0.997399,0.13886
0.997399,0.138873
0.997361,0.138868
0.997361,0.139068
0.997361,0.139191
0.997361,0.139192
0.997361,0.139194
0.997361,0.139196
0.997361,0.139278
0.997361,0.144257
0.997361,0.148978
0.997361,0.148991
0.997361,0.14933
0.997361,0.149416
0.997361,0.149442
0.997361,0.149822
0.997361,0.155413
0.997361,0.160498
0.997361,0.160944
0.997361,0.161066
0.997361,0.16107
0.997361,0.161071
0.997361,0.161072
0.997361,0.161406
0.997361,0.161488
0.997323,0.161483
0.997323,0.167604
0.997323,0.173338
0.997323,0.173342
0.997323,0.173431
0.997323,0.173482
0.997323,0.173488
0.997323,0.17368
0.997323,0.173924
0.997323,0.175547
0.997323,0.176988
0.997323,0.179008
0.997323,0.180324
0.997323,0.18262
0.997323,0.183791
0.997323,0.186422
0.997323,0.186424
0.997323,0.188531
0.997323,0.191164
0.997323,0.191718
0.997323,0.191728
0.997323,0.194965
0.997246,0.194953
0.997246,0.194984
0.997246,0.195135
0.997246,0.197743
0.997246,0.202221
0.997246,0.203527
0.997246,0.206251
0.997246,0.206824
0.997246,0.206842
0.997246,0.214238
0.997246,0.214243
0.997246,0.214245
0.997246,0.220653
0.997246,0.221809
0.997246,0.223876
0.997246,0.223889
0.997246,0.224074
0.997246,0.224081
0.997246,0.229435
0.997208,0.229428
0.997208,0.230161
0.997208,0.233388
0.997208,0.233599
0.997208,0.237827
0.997208,0.237831
0.997208,0.237833
0.997208,0.238029
0.997208,0.238077
0.997208,0.238595
0.997208,0.238722
0.997208,0.242379
0.997208,0.24431
0.997208,0.246709
0.997208,0.25668
0.997093,0.256658
0.997055,0.256651
0.997055,0.260466
0.997055,0.260894
0.997055,0.261291
0.997055,0.261399
0.997055,0.261554
0.997055,0.261569
0.997055,0.262219
0.997055,0.266003
0.997055,0.266035
0.997055,0.266759
0.996864,0.266722
0.996864,0.267266
0.996864,0.267285
0.996864,0.267453
0.996864,0.267574
0.996864,0.267576
0.996864,0.271343
0.996864,0.272059
0.996864,0.284044
0.996864,0.28445
0.996864,0.28454
0.996864,0.284798
0.996864,0.287563
0.996864,0.288684
0.996787,0.288669
0.996787,0.288672
0.996787,0.288857
0.996787,0.289403
0.996787,0.289634
0.996787,0.28965
0.996787,0.289934
0.996787,0.28996
0.996787,0.293797
0.996787,0.294345
0.996787,0.294491
0.996787,0.294498
0.996787,0.298543
0.996787,0.312112
0.996787,0.31234
0.996787,0.312411
0.996787,0.312463
0.996787,0.313278
0.996711,0.313262
0.996711,0.313266
0.996711,0.31758
0.996711,0.317731
0.996711,0.317921
0.996711,0.317975
0.996711,0.318792
0.996711,0.318796
0.996634,0.318779
0.996596,0.318771
0.996596,0.322807
0.996596,0.323147
0.996596,0.323709
0.996596,0.323725
0.996596,0.323878
0.996596,0.323967
0.996596,0.338214
0.996596,0.33935
0.996481,0.339325
0.996481,0.339395
0.996481,0.339665
0.996481,0.342316
0.996481,0.343952
0.996366,0.343926
0.996328,0.343918
0.996328,0.345034
0.996328,0.345052
0.996328,0.345317
0.996328,0.345322
0.99629,0.345313
0.99629,0.349624
0.996252,0.349615
0.996252,0.350452
0.996252,0.350962
0.996252,0.351147
0.996252,0.351218
0.996252,0.366606
0.996213,0.366597
0.996175,0.366588
0.996175,0.368101
0.996175,0.37126
0.996137,0.371251
0.996137,0.371336
0.996137,0.372653
0.996137,0.372819
0.996137,0.372824
0.996137,0.372829
0.996137,0.372942
0.996137,0.373086
0.996137,0.373107
0.996099,0.373098
0.996099,0.378131
0.996099,0.378813
0.996099,0.379852
0.996099,0.379857
0.996099,0.379874
0.996099,0.379968
0.996099,0.380057
0.99606,0.380048
0.99606,0.380442
0.99606,0.381747
0.99606,0.386862
0.99606,0.403058
0.99606,0.403065
0.99606,0.403114
0.99606,0.40332
0.995984,0.403302
0.995984,0.404756
0.995984,0.405204
0.995984,0.405222
0.995984,0.40538
0.995984,0.405399
0.995984,0.408868
0.995984,0.411102
0.995984,0.411108
0.995984,0.411244
0.995984,0.413097
0.995946,0.413088
0.995946,0.41318
0.995946,0.413245
0.995946,0.419578
0.995907,0.437613
0.995907,0.439891
0.995831,0.439872
0.995793,0.439862
0.995793,0.439922
0.995793,0.439989
0.995793,0.439996
0.995793,0.442765
0.995793,0.447337
0.995793,0.449267
0.995793,0.449538
0.995754,0.449529
0.995678,0.44951
0.99564,0.4495
0.99564,0.449508
0.99564,0.449554
0.99564,0.449601
0.995601,0.449592
0.995601,0.449599
0.995601,0.450128
0.995601,0.451784
0.995601,0.451808
0.995601,0.451902
0.995601,0.459683
0.995563,0.459673
0.995563,0.459681
0.995525,0.459672
0.995525,0.479646
0.995525,0.481536
0.995525,0.482161
0.995525,0.48217
0.995525,0.482232
0.995487,0.482223
0.995487,0.490391
0.995487,0.4904
0.995487,0.490539
0.995487,0.492786
0.995487,0.49287
0.99541,0.492851
0.995372,0.492841
0.995372,0.497781
0.995372,0.501445
0.995372,0.501455
0.995372,0.501464
0.995372,0.501513
0.995372,0.501522
0.995372,0.503638
0.995295,0.503619
0.995257,0.525263
0.995257,0.525274
0.995257,0.525327
0.995257,0.525348
0.995257,0.527296
0.995257,0.527478
0.995219,0.527468
0.995219,0.536174
0.995219,0.536196
0.995219,0.536229
0.995219,0.536274
0.995219,0.536783
0.995219,0.53807
0.995181,0.538061
0.995142,0.538051
0.995142,0.541523
0.995142,0.546907
0.995142,0.546918
0.995142,0.54693
0.995142,0.546999
0.995028,0.54697
0.995028,0.548388
0.995028,0.548921
0.994989,0.548911
0.994913,0.548892
0.994913,0.548904
0.994913,0.571529
0.994913,0.571567
0.994913,0.580534
0.994875,0.580525
0.994875,0.58059
0.994875,0.582358
0.994875,0.582371
0.994875,0.582397
0.994875,0.58241
0.994836,0.5824
0.994836,0.583616
0.994836,0.591674
0.994836,0.591742
0.994836,0.591768
0.994836,0.591782
0.994836,0.592942
0.994836,0.593091
0.99476,0.593072
0.994722,0.593063
0.994722,0.593077
0.994722,0.59309
0.994722,0.593117
0.994722,0.593144
0.994722,0.615696
0.994683,0.615687
0.994683,0.620195
0.994683,0.623869
0.994645,0.62386
0.994645,0.624175
0.994645,0.62479
0.994645,0.624805
0.994607,0.624796
0.994531,0.624778
0.994531,0.624793
0.994531,0.624808
0.994492,0.624799
0.994416,0.624781
0.994339,0.624763
0.994339,0.631501
0.994339,0.632054
0.994339,0.63233
0.994339,0.632361
0.994339,0.632392
0.994148,0.632347
0.994148,0.63244
0.994148,0.633117
0.994148,0.633148
0.994148,0.633194
0.994148,0.635268
0.994148,0.638734
0.993957,0.659937
0.993919,0.659928
0.993842,0.659911
0.993842,0.659928
0.993842,0.659945
0.993804,0.659936
0.993766,0.659927
0.993766,0.660649
0.993651,0.660623
0.993613,0.660614
0.993613,0.660631
0.993613,0.660749
0.993613,0.666239
0.993613,0.666256
0.993613,0.66629
0.993613,0.666889
0.993536,0.666872
0.993421,0.666846
0.993421,0.666864
0.993421,0.666898
0.993421,0.666915
0.993421,0.667035
0.993421,0.667412
0.993383,0.667403
0.993383,0.671823
0.993383,0.672049
0.993383,0.672066
0.993307,0.69082
0.993268,0.690812
0.993268,0.690849
0.99323,0.69084
0.993192,0.690832
0.993192,0.691071
0.993192,0.691274
0.993192,0.691329
0.993192,0.691347
0.993115,0.691331
0.993077,0.691323
0.993077,0.691451
0.993077,0.693798
0.993077,0.69521
0.993039,0.695202
0.992962,0.695185
0.992962,0.695241
0.992962,0.695707
0.992962,0.695763
0.992924,0.695755
0.992924,0.695773
0.992886,0.695765
0.992886,0.698988
0.992886,0.699477
0.992886,0.699515
0.992886,0.699534
0.992886,0.699572
0.992618,0.699515
0.992503,0.717636
0.992503,0.717656
0.992503,0.717735
0.992503,0.718172
0.992503,0.718252
0.992389,0.718228
0.992389,0.718248
0.992389,0.718268
0.992389,0.718985
0.992389,0.720943
0.99235,0.720935
0.99235,0.720955
0.99235,0.720995
0.992197,0.720964
0.992159,0.720956
0.992159,0.721056
0.992159,0.721317
0.992121,0.721309
0.99193,0.72127
0.99193,0.721351
0.99193,0.721391
0.99193,0.723625
0.99193,0.723645
0.99193,0.723928
0.99193,0.723969
0.991318,0.739859
0.991241,0.739844
0.991165,0.739829
0.991165,0.73985
0.991165,0.739893
0.991165,0.739914
0.991126,0.739906
0.991126,0.739991
0.991126,0.740393
0.991088,0.740385
0.990973,0.740363
0.990973,0.742272
0.990973,0.742527
0.990935,0.74252
0.990935,0.742562
0.990935,0.742626
0.990935,0.742711
0.990897,0.742704
0.990859,0.742697
0.990744,0.742674
0.990744,0.743101
0.990744,0.743143
0.990744,0.743165
0.990744,0.744211
0.990744,0.745239
0.990476,0.745187
0.990476,0.745466
0.990476,0.74553
0.990476,0.745573
0.990017,0.760154
0.989902,0.760133
0.989902,0.760222
0.989902,0.760267
0.989864,0.76026
0.989864,0.762545
0.989864,0.762612
0.989864,0.762814
0.989749,0.762793
0.989673,0.762779
0.989673,0.762802
0.989673,0.762824
0.989673,0.762982
0.989482,0.762947
0.989482,0.762969
0.989482,0.763375
0.989443,0.763368
0.989443,0.76339
0.989443,0.763503
0.989443,0.764225
0.989443,0.765491
0.989443,0.765604
0.989405,0.765597
0.989329,0.765583
0.989329,0.765969
0.98929,0.765962
0.98929,0.766053
0.98864,0.78178
0.988526,0.78176
0.988526,0.781926
0.988487,0.781919
0.988449,0.781913
0.988449,0.781936
0.988449,0.78196
0.988449,0.782434
0.988449,0.784333
0.988449,0.784834
0.988373,0.784821
0.988334,0.784814
0.988334,0.784885
0.988334,0.784933
0.988334,0.785029
0.988143,0.784996
0.988143,0.785473
0.988143,0.785569
0.988143,0.785736
0.988143,0.785784
0.988105,0.787382
0.988028,0.788234
0.987952,0.788221
0.987875,0.788208
0.987761,0.788189
0.987761,0.788213
0.987761,0.788357
0.987722,0.788639
0.987722,0.789001
0.986537,0.805276
0.986384,0.805252
0.986345,0.805246
0.986307,0.80524
0.986269,0.805234
0.986269,0.805284
0.986269,0.805561
0.986269,0.808263
0.985925,0.808208
0.985848,0.808196
0.985848,0.808704
0.985848,0.808983
0.985657,0.808953
0.985619,0.808947
0.985427,0.808917
0.985274,0.808893
0.985274,0.809071
0.985274,0.80963
0.985236,0.813254
0.98516,0.813242
0.985121,0.813236
0.985121,0.813364
0.985121,0.813416
0.985121,0.81411
0.984203,0.832347
0.984127,0.832336
0.98405,0.832325
0.984012,0.83232
0.983897,0.832303
0.983897,0.832546
0.983897,0.832681
0.983783,0.836646
0.983324,0.836582
0.983324,0.837563
0.983324,0.837863
0.983286,0.837858
0.983247,0.837853
0.983094,0.837832
0.983094,0.83816
0.983094,0.838351
0.983094,0.838871
0.983094,0.840187
0.983094,0.843136
0.982941,0.843115
0.982597,0.843069
0.982597,0.843429
0.982444,0.843408
0.981029,0.865847
0.981029,0.86652
0.981029,0.866872
0.980761,0.86684
0.980685,0.866831
0.980646,0.866944
0.980532,0.872032
0.98034,0.87201
0.979843,0.871954
0.979843,0.87231
0.979843,0.87344
0.979805,0.873436
0.979728,0.873427
0.979728,0.873874
0.979308,0.873827
0.979155,0.87381
0.979116,0.873805
0.97904,0.878807
0.97904,0.880106
0.97904,0.88053
0.978887,0.880513
0.978772,0.880501
0.978734,0.880497
0.978543,0.880476
0.978543,0.881022
0.97686,0.907315
0.97663,0.907295
0.976592,0.907292
0.976592,0.908454
0.976554,0.90845
0.976439,0.914362
0.976363,0.914356
0.976018,0.914329
0.97598,0.914326
0.97598,0.914916
0.97598,0.916427
0.975904,0.916421
0.975521,0.916391
0.9751,0.916358
0.975024,0.916352
0.974909,0.923514
0.974871,0.923512
0.974833,0.925185
0.97468,0.925174
0.974603,0.925169
0.974182,0.925139
0.974068,0.925131
0.973991,0.925125
0.973876,0.925117
0.973379,0.925082
0.973341,0.925079
0.971199,0.954658
0.971199,0.956096
0.970625,0.956071
0.970511,0.956066
0.970281,0.964746
0.970013,0.964737
0.969975,0.964735
0.969937,0.964734
0.968942,0.964699
0.968942,0.966835
0.968828,0.966831
0.968598,0.966823
0.968522,0.966821
0.968407,0.975383
0.967451,0.97536
0.967183,0.975353
0.96703,0.977234
0.966954,0.977232
0.966877,0.977231
0.966112,0.977213
0.965844,0.977207
0.965806,0.977206
0.92794,0.976298
0.927864,0.978343
0.927864,0.97858
0.927749,0.978577
0.927634,0.987621
0.927558,0.98762
0.926793,0.98761
0.926716,0.987609
0.926602,0.987607
0.926563,0.987607
0.926525,0.990149
0.926143,0.990145
0.925263,0.990136
0.92511,0.990134
0.924995,0.990133
0.924727,1
0.924574,1
0.923427,1
0.920979,1
0.920941,1
0.920864,1
0.920673,1
0.920176,1
0.920138,1
0.920099,1
0.883496,1
0.880895,1
0.86988,1
0.869612,1
0.869497,1
0.869306,1
0.868044,1
0.867814,1
0.865175,1
0.865137,1
0.864066,1
0.859323,1
0.85263,1
0.852438,1
0.852362,1
0.852324,1
0.849799,1
0.848958,1
0.848766,1
0.848614,1
0.812163,1
0.812125,1
0.811398,1
0.811168,1
0.808262,1
0.808147,1
0.797858,1
0.797743,1
0.797323,1
0.796634,1
0.794072,1
0.793957,1
0.793727,1
0.782903,1
0.7821,1
0.782062,1
0.781909,1
0.779155,1
0.779002,1
0.778925,1
0.778122,1
0.777854,1
0.777625,1
0.741786,1
0.730771,1
0.727711,1
0.726869,1
0.726755,1
0.72664,1
0.726602,1
0.72641,1
0.725531,1
0.722777,1
0.722624,1
0.722394,1
0.711188,1
0.711149,1
0.710193,1
0.710002,1
0.706827,1
0.706636,1
0.706598,1
0.706445,1
0.705642,1
0.705259,1
0.668732,1
0.658137,1
0.655881,1
0.655766,1
0.655689,1
0.655077,1
0.654963,1
0.654924,1
0.652056,1
0.651482,1
0.640046,1
0.639893,1
0.639702,1
0.639013,1
0.635839,1
0.6358,1
0.635533,1
0.63538,1
0.634653,1
0.634615,1
0.599694,1
0.588755,1
0.588564,1
0.585772,1
0.585695,1
0.585657,1
0.585236,1
0.585083,1
0.585007,1
0.581641,1
0.581564,1
0.581258,1
0.580723,1
0.571926,1
0.571735,1
0.571582,1
0.569172,1
0.568751,1
0.568713,1
0.56856,1
0.535399,1
0.52488,1
0.524001,1
0.523771,1
0.521094,1
0.521056,1
0.520941,1
0.52052,1
0.520291,1
0.518264,1
0.518187,1
0.508281,1
0.507784,1
0.507669,1
0.507554,1
0.505756,1
0.505183,1
0.505106,1
0.504915,1
0.4952,1
0.46506,1
0.464984,1
0.464563,1
0.461886,1
0.461235,1
0.461044,1
0.461006,1
0.460815,1
0.460432,1
0.458252,1
0.458137,1
0.449149,1
0.448766,1
0.448537,1
0.448499,1
0.446663,1
0.446357,1
0.446242,1
0.445936,1
0.445707,1
0.437751,1
0.409524,1
0.409371,1
0.407688,1
0.406846,1
0.406693,1
0.406655,1
0.406043,1
0.404207,1
0.403978,1
0.403863,1
0.396328,1
0.39606,1
0.395525,1
0.395448,1
0.394339,1
0.394301,1
0.393919,1
0.393307,1
0.386537,1
0.361446,1
0.361369,1
0.361063,1
0.359533,1
0.358921,1
0.358539,1
0.3572,1
0.356703,1
0.356665,1
0.350698,1
0.350392,1
0.350316,1
0.349627,1
0.349436,1
0.348059,1
0.348021,1
0.341251,1
0.340715,1
0.340562,1
0.319449,1
0.317805,1
0.31746,1
0.31704,1
0.316925,1
0.316657,1
0.315548,1
0.310117,1
0.309658,1
0.30939,1
0.308893,1
0.307822,1
0.307592,1
0.302811,1
0.285447,1
0.285141,1
0.284796,1
0.283687,1
0.283037,1
0.28296,1
0.281736,1
0.278371,1
0.278179,1
0.277644,1
0.277606,1
0.277338,1
0.276229,1
0.275731,1
0.272366,1
0.272213,1
0.256187,1
0.256148,1
0.255728,1
0.25481,1
0.254733,1
0.254274,1
0.254198,1
0.250488,1
0.249187,1
0.24869,1
0.248575,1
0.24739,1
0.247351,1
0.246931,1
0.246816,1
0.243603,1
0.230943,1
0.230828,1
0.230407,1
0.229336,1
0.229298,1
0.228686,1
0.225971,1
0.225053,1
0.224938,1
0.224632,1
0.224517,1
0.223982,1
0.22379,1
0.221419,1
0.221343,1
0.211474,1
0.210748,1
0.21048,1
0.210365,1
0.210327,1
0.209945,1
0.207803,1
0.206961,1
0.206808,1
0.20654,1
0.20589,1
0.205852,1
0.205622,1
0.203328,1
0.196099,1
0.19564,1
0.195448,1
0.19541,1
0.193957,1
0.193536,1
0.19346,1
0.192848,1
0.192656,1
0.192389,1
0.19235,1
0.191318,1
0.191279,1
0.185121,1
0.184854,1
0.184739,1
0.183477,1
0.182941,1
0.182903,1
0.182865,1
0.182674,1
0.182368,1
0.181411,1
0.181373,1
0.176783,1
0.176439,1
0.176401,1
0.175636,1
0.175406,1
0.175368,1
0.17533,1
0.1751,1
0.174488,1
0.170434,1
0.170205,1
0.169784,1
0.169669,1
0.169631,1
0.169478,1
0.169287,1
0.166342,1
0.166227,1
0.165806,1
0.165768,1
0.165691,1
0.165462,1
0.162784,1
0.162746,1
0.162555,1
0.162478,1
0.162364,1
0.162211,1
0.160757,1
0.160566,1
0.160451,1
0.158654,1
0.158577,1
0.158462,1
0.158348,1
0.157124,1
0.156932,1
0.156894,1
0.156856,1
0.156129,1
0.156091,1
0.155976,1
0.154944,1
0.154829,1
0.154752,1
0.154102,1
0.154026,1
0.153375,1
0.153337,1
0.153261,1
0.153222,1
0.152649,1
0.152457,1
0.152419,1
0.152343,1
0.152304,1
0.151578,1
0.15131,1
0.151234,1
0.151081,1
0.150163,1
0.149971,1
0.149933,1
0.149895,1
0.149627,1
0.14825,1
0.147944,1
0.147868,1
0.147676,1
0.147638,1
0.146758,1
0.146682,1
0.146644,1
0.146529,1
0.146376,1
0.146338,1
0.146146,1
0.146108,1
0.145076,1
0.144846,1
0.14477,1
0.144617,1
0.144234,1
0.144196,1
0.142972,1
0.142934,1
0.142551,1
0.142513,1
0.142398,1
0.14236,1
0.142322,1
0.141518,1
0.141442,1
0.141404,1
0.141212,1
0.141098,1
0.140753,1
0.140677,1
0.140639,1
0.139644,1
0.139606,1
0.1393,1
0.139224,1
0.139185,1
0.138612,1
0.137808,1
0.13777,1
0.137311,1
0.137235,1
0.137158,1
0.13712,1
0.136737,1
0.13559,1
0.135322,1
0.135169,1
0.134634,1
0.13318,1
0.131459,1
0,1
